review_id,review_text,sentiment,issue_category,evidence,need_review,reviewed_by_human
R001,入口工作人员主动帮老人找轮椅，态度很耐心。,正面,服务,主动帮老人找轮椅，态度很耐心,否,否
R002,周六上午排队九十分钟才进门，孩子都累哭了。,负面,排队,排队九十分钟才进门，孩子都累哭了,否,否
R003,门票60元，里面可看的项目不多，感觉偏贵。,负面,价格,门票60元，里面可看的项目不多，感觉偏贵,否,否
R004,园区很干净，湖边景色也很舒服。,正面,卫生;景色,园区很干净，湖边景色也很舒服,否,否
R005,没什么特别惊喜，也没有明显问题。,中性,无明显问题,没什么特别惊喜，也没有明显问题,否,否
R006,地铁出来步行十分钟就到，交通很方便。,正面,交通,地铁出来步行十分钟就到，交通很方便,否,否
R007,洗手间有两个水龙头坏了，地面还有积水。,负面,设施;卫生,两个水龙头坏了，地面还有积水,否,否
R008,真贴心，排队一个半小时还不让坐，太阳晒得我很开心。,负面,排队;服务,排队一个半小时还不让坐，太阳晒得我很开心,是,否
R009,宣传页说玻璃栈道开放，到了才知道在维修。,负面,宣传;设施,宣传页说玻璃栈道开放，到了才知道在维修,否,否
R010,儿童区玩具旧了一些，但工作人员会主动帮忙，孩子玩得还行。,中性,设施;服务,玩具旧了一些，但工作人员会主动帮忙，孩子玩得还行,是,否
R011,景区餐厅的面又咸又贵，不如自带食物。,负面,餐饮;价格,面又咸又贵，不如自带食物,否,否
R012,今天大雾，基本看不到山景。,中性,景色,大雾，基本看不到山景,是,否
R013,自驾导航准确，停车场离入口不远。,正面,交通,自驾导航准确，停车场离入口不远,否,否
R014,官网写着下午有民俗表演，现场临时取消也没人通知。,负面,宣传;服务,官网写着下午有民俗表演，现场临时取消也没人通知,否,否
R015,瀑布很好看，但观景台旁边垃圾桶满了。,中性,景色;卫生,瀑布很好看，但观景台旁边垃圾桶满了,否,否
R016,缆车停运没有提前提醒，只能走很陡的山路。,负面,设施;宣传,缆车停运没有提前提醒,否,否
R017,工作人员态度正常，排队十五分钟可以接受。,中性,服务;排队,工作人员态度正常，排队十五分钟可以接受,否,否
R018,傍晚的湖面和落日非常漂亮，照片完全不用滤镜。,正面,景色,湖面和落日非常漂亮,否,否
R019,学生票到底要不要预约？页面写得不清楚。,中性,价格;宣传,学生票到底要不要预约？页面写得不清楚,是,否
R020,小吃分量不大，价格偏高，不过味道确实不错。,中性,餐饮;价格,小吃分量不大，价格偏高，不过味道确实不错,否,否
R021,节假日周边堵车，停车位也很难找。,负面,交通,周边堵车，停车位也很难找,否,否
R022,好几个休息座椅松动，老人坐着不太安全。,负面,设施,休息座椅松动，老人坐着不太安全,否,否
R023,门票50元可以接受，园里的花开得很好。,正面,价格;景色,门票50元可以接受，园里的花开得很好,否,否
R024,问导游洗手间位置，他只说不知道就走了。,负面,服务,只说不知道就走了,否,否
R025,排队绕了好几圈，游览路线很长，但山顶风景值得。,中性,排队;景色,排队绕了好几圈，游览路线很长，但山顶风景值得,否,否
R026,风景就那样吧。,中性,景色,风景就那样吧,是,否
R027,公告显示闭园时间是六点，五点就开始清人。,负面,宣传;服务,公告显示闭园时间是六点，五点就开始清人,否,否
R028,步道边垃圾很多，还有一股异味。,负面,卫生,垃圾很多，还有一股异味,否,否
R029,景区里的菌汤和炒野菜很好吃，价格也透明。,正面,餐饮;价格,菌汤和炒野菜很好吃，价格也透明,否,否
R030,工作人员真有效率，问路十分钟都没人理。,负面,服务,问路十分钟都没人理,是,否
R031,第一次来，整体体验很放松，下次还会再来。,正面,无明显问题,整体体验很放松，下次还会再来,否,否
R032,花了不少钱，感觉一般。,中性,价格,花了不少钱，感觉一般,是,否
R033,朋友说这里很好玩，但我自己还没去过。,中性,其他,我自己还没去过,是,否
R034,下雨天室内休息区不够，景色也被雨挡住了。,中性,设施;景色,室内休息区不够，景色也被雨挡住了,是,否
R035,无障碍坡道平整，检票员还帮我推了婴儿车。,正面,设施;服务,无障碍坡道平整，检票员还帮我推了婴儿车,否,否
R036,虽然排了二十分钟，但工作人员分流清楚，进场很快。,正面,排队;服务,排了二十分钟，但工作人员分流清楚，进场很快,否,否
R037,点的鱼有点凉，服务员说可以加热，我还在考虑。,中性,餐饮;服务,鱼有点凉，服务员说可以加热，我还在考虑,是,否
R038,保安说话很冲，洗手间也没有洗手液。,负面,服务;卫生,保安说话很冲，洗手间也没有洗手液,否,否
R039,宣传说免费停车，离场时却收了20元。,负面,宣传;价格;交通,宣传说免费停车，离场时却收了20元,否,否
R040,景色很美，但手机没信号，导航也不好用。,中性,景色;交通,景色很美，但手机没信号，导航也不好用,是,否
R0041,东门的工作人员主动帮我们指路，还提醒了安全事项。,正面,服务,东门的工作人员主动帮我们指路，还提醒了安全事项,否,否
R0042,咨询云台观景台怎么走时，工作人员一直低头玩手机，没有回应。,负面,服务,咨询云台观景台怎么走时，工作人员一直低头玩手机，没有回应,否,否
R0043,周一上午入园只等了15分钟，检票安排比较顺畅。,正面,排队,周一上午入园只等了15分钟，检票安排比较顺畅,否,否
R0044,周一上午在东门排了50分钟，现场也没人说明原因。,负面,排队;服务,周一上午在东门排了50分钟，现场也没人说明原因,否,否
R0045,门票45元，包含接驳车和展馆，整体可以接受。,正面,价格,门票45元，包含接驳车和展馆，整体可以接受,否,否
R0046,门票45元还要另收摆渡车费，感觉价格不太合理。,负面,价格;交通,门票45元还要另收摆渡车费，感觉价格不太合理,否,否
R0047,云台观景台附近没有垃圾，洗手间也很整洁。,正面,卫生,云台观景台附近没有垃圾，洗手间也很整洁,否,否
R0048,洗手间有异味，垃圾桶旁边还有没清理的纸巾。,负面,卫生,洗手间有异味，垃圾桶旁边还有没清理的纸巾,否,否
R0049,景区里的菌菇面热乎，分量也刚好，休息时吃得很舒服。,正面,餐饮,景区里的菌菇面热乎，分量也刚好，休息时吃得很舒服,否,否
R0050,菌菇面又冷又咸，价格还比门口餐馆高不少。,负面,餐饮;价格,菌菇面又冷又咸，价格还比门口餐馆高不少,否,否
R0051,从地铁站出来有直达接驳车，到东门很省心。,正面,交通,从地铁站出来有直达接驳车，到东门很省心,否,否
R0052,返程接驳车间隔太久，最后只能步行很远去找公交。,负面,交通,返程接驳车间隔太久，最后只能步行很远去找公交,否,否
R0053,云台观景台的栈道和座椅维护得不错，老人走起来也方便。,正面,设施,云台观景台的栈道和座椅维护得不错，老人走起来也方便,否,否
R0054,观景台护栏松动，几个指示牌也褪色看不清。,负面,设施,观景台护栏松动，几个指示牌也褪色看不清,否,否
R0055,傍晚在云台观景台看日落很开阔，照片比预想更有层次。,正面,景色,傍晚在云台观景台看日落很开阔，照片比预想更有层次,否,否
R0056,当天大雾，云台观景台几乎看不见远处，体验只能说一般。,中性,景色,当天大雾，云台观景台几乎看不见远处，体验只能说一般,是,否
R0057,宣传图里的花海面积很大，实际只有入口一小片，落差明显。,负面,宣传,宣传图里的花海面积很大，实际只有入口一小片，落差明显,否,否
R0058,慢慢逛了半天，没有特别惊喜，也没有明显不舒服的地方。,中性,无明显问题,慢慢逛了半天，没有特别惊喜，也没有明显不舒服的地方,否,否
R0059,云台观景台景色很好，但路边垃圾较多，工作人员清扫不及时。,中性,景色;卫生;服务,云台观景台景色很好，但路边垃圾较多，工作人员清扫不及时,是,否
R0060,门票不贵，不过东门排队太久，进园后心情已经受影响。,中性,价格;排队,门票不贵，不过东门排队太久，进园后心情已经受影响,是,否
R0061,真有效率，在东门晒了半小时，工作人员一直让我们再等等。,负面,排队;服务,真有效率，在东门晒了半小时，工作人员一直让我们再等等,是,否
R0062,朋友说这里适合亲子游，我没有实际去过，暂时无法评价。,中性,其他,朋友说这里适合亲子游，我没有实际去过，暂时无法评价,是,否
R0063,菌菇面味道普通，套餐却比菜单标价多收了十元。,负面,餐饮;价格,菌菇面味道普通，套餐却比菜单标价多收了十元,否,否
R0064,停车场到云台观景台有无障碍坡道和休息座椅，带长辈出行比较方便。,正面,交通;设施,停车场到云台观景台有无障碍坡道和休息座椅，带长辈出行比较方便,否,否
R0065,南门的工作人员主动帮我们指路，还提醒了安全事项。,正面,服务,南门的工作人员主动帮我们指路，还提醒了安全事项,否,否
R0066,咨询山谷栈道怎么走时，工作人员一直低头玩手机，没有回应。,负面,服务,咨询山谷栈道怎么走时，工作人员一直低头玩手机，没有回应,否,否
R0067,周三下午入园只等了25分钟，检票安排比较顺畅。,正面,排队,周三下午入园只等了25分钟，检票安排比较顺畅,否,否
R0068,周三下午在南门排了70分钟，现场也没人说明原因。,负面,排队;服务,周三下午在南门排了70分钟，现场也没人说明原因,否,否
R0069,门票60元，包含接驳车和展馆，整体可以接受。,正面,价格,门票60元，包含接驳车和展馆，整体可以接受,否,否
R0070,门票60元还要另收摆渡车费，感觉价格不太合理。,负面,价格;交通,门票60元还要另收摆渡车费，感觉价格不太合理,否,否
R0071,山谷栈道附近没有垃圾，洗手间也很整洁。,正面,卫生,山谷栈道附近没有垃圾，洗手间也很整洁,否,否
R0072,洗手间有异味，垃圾桶旁边还有没清理的纸巾。,负面,卫生,洗手间有异味，垃圾桶旁边还有没清理的纸巾,否,否
R0073,景区里的竹筒饭热乎，分量也刚好，休息时吃得很舒服。,正面,餐饮,景区里的竹筒饭热乎，分量也刚好，休息时吃得很舒服,否,否
R0074,竹筒饭又冷又咸，价格还比门口餐馆高不少。,负面,餐饮;价格,竹筒饭又冷又咸，价格还比门口餐馆高不少,否,否
R0075,从地铁站出来有直达接驳车，到南门很省心。,正面,交通,从地铁站出来有直达接驳车，到南门很省心,否,否
R0076,返程接驳车间隔太久，最后只能步行很远去找公交。,负面,交通,返程接驳车间隔太久，最后只能步行很远去找公交,否,否
R0077,山谷栈道的栈道和座椅维护得不错，老人走起来也方便。,正面,设施,山谷栈道的栈道和座椅维护得不错，老人走起来也方便,否,否
R0078,观景台护栏松动，几个指示牌也褪色看不清。,负面,设施,观景台护栏松动，几个指示牌也褪色看不清,否,否
R0079,傍晚在山谷栈道看日落很开阔，照片比预想更有层次。,正面,景色,傍晚在山谷栈道看日落很开阔，照片比预想更有层次,否,否
R0080,当天大雾，山谷栈道几乎看不见远处，体验只能说一般。,中性,景色,当天大雾，山谷栈道几乎看不见远处，体验只能说一般,是,否
R0081,宣传图里的花海面积很大，实际只有入口一小片，落差明显。,负面,宣传,宣传图里的花海面积很大，实际只有入口一小片，落差明显,否,否
R0082,慢慢逛了半天，没有特别惊喜，也没有明显不舒服的地方。,中性,无明显问题,慢慢逛了半天，没有特别惊喜，也没有明显不舒服的地方,否,否
R0083,山谷栈道景色很好，但路边垃圾较多，工作人员清扫不及时。,中性,景色;卫生;服务,山谷栈道景色很好，但路边垃圾较多，工作人员清扫不及时,是,否
R0084,门票不贵，不过南门排队太久，进园后心情已经受影响。,中性,价格;排队,门票不贵，不过南门排队太久，进园后心情已经受影响,是,否
R0085,真有效率，在南门晒了半小时，工作人员一直让我们再等等。,负面,排队;服务,真有效率，在南门晒了半小时，工作人员一直让我们再等等,是,否
R0086,朋友说这里适合亲子游，我没有实际去过，暂时无法评价。,中性,其他,朋友说这里适合亲子游，我没有实际去过，暂时无法评价,是,否
R0087,竹筒饭味道普通，套餐却比菜单标价多收了十元。,负面,餐饮;价格,竹筒饭味道普通，套餐却比菜单标价多收了十元,否,否
R0088,停车场到山谷栈道有无障碍坡道和休息座椅，带长辈出行比较方便。,正面,交通;设施,停车场到山谷栈道有无障碍坡道和休息座椅，带长辈出行比较方便,否,否
R0089,游客中心的工作人员主动帮我们指路，还提醒了安全事项。,正面,服务,游客中心的工作人员主动帮我们指路，还提醒了安全事项,否,否
R0090,咨询湖心步道怎么走时，工作人员一直低头玩手机，没有回应。,负面,服务,咨询湖心步道怎么走时，工作人员一直低头玩手机，没有回应,否,否
R0091,周五傍晚入园只等了35分钟，检票安排比较顺畅。,正面,排队,周五傍晚入园只等了35分钟，检票安排比较顺畅,否,否
R0092,周五傍晚在游客中心排了90分钟，现场也没人说明原因。,负面,排队;服务,周五傍晚在游客中心排了90分钟，现场也没人说明原因,否,否
R0093,门票75元，包含接驳车和展馆，整体可以接受。,正面,价格,门票75元，包含接驳车和展馆，整体可以接受,否,否
R0094,门票75元还要另收摆渡车费，感觉价格不太合理。,负面,价格;交通,门票75元还要另收摆渡车费，感觉价格不太合理,否,否
R0095,湖心步道附近没有垃圾，洗手间也很整洁。,正面,卫生,湖心步道附近没有垃圾，洗手间也很整洁,否,否
R0096,洗手间有异味，垃圾桶旁边还有没清理的纸巾。,负面,卫生,洗手间有异味，垃圾桶旁边还有没清理的纸巾,否,否
R0097,景区里的热汤面热乎，分量也刚好，休息时吃得很舒服。,正面,餐饮,景区里的热汤面热乎，分量也刚好，休息时吃得很舒服,否,否
R0098,热汤面又冷又咸，价格还比门口餐馆高不少。,负面,餐饮;价格,热汤面又冷又咸，价格还比门口餐馆高不少,否,否
R0099,从地铁站出来有直达接驳车，到游客中心很省心。,正面,交通,从地铁站出来有直达接驳车，到游客中心很省心,否,否
R0100,返程接驳车间隔太久，最后只能步行很远去找公交。,负面,交通,返程接驳车间隔太久，最后只能步行很远去找公交,否,否
R0101,湖心步道的栈道和座椅维护得不错，老人走起来也方便。,正面,设施,湖心步道的栈道和座椅维护得不错，老人走起来也方便,否,否
R0102,观景台护栏松动，几个指示牌也褪色看不清。,负面,设施,观景台护栏松动，几个指示牌也褪色看不清,否,否
R0103,傍晚在湖心步道看日落很开阔，照片比预想更有层次。,正面,景色,傍晚在湖心步道看日落很开阔，照片比预想更有层次,否,否
R0104,当天大雾，湖心步道几乎看不见远处，体验只能说一般。,中性,景色,当天大雾，湖心步道几乎看不见远处，体验只能说一般,是,否
R0105,宣传图里的花海面积很大，实际只有入口一小片，落差明显。,负面,宣传,宣传图里的花海面积很大，实际只有入口一小片，落差明显,否,否
R0106,慢慢逛了半天，没有特别惊喜，也没有明显不舒服的地方。,中性,无明显问题,慢慢逛了半天，没有特别惊喜，也没有明显不舒服的地方,否,否
R0107,湖心步道景色很好，但路边垃圾较多，工作人员清扫不及时。,中性,景色;卫生;服务,湖心步道景色很好，但路边垃圾较多，工作人员清扫不及时,是,否
R0108,门票不贵，不过游客中心排队太久，进园后心情已经受影响。,中性,价格;排队,门票不贵，不过游客中心排队太久，进园后心情已经受影响,是,否
R0109,真有效率，在游客中心晒了半小时，工作人员一直让我们再等等。,负面,排队;服务,真有效率，在游客中心晒了半小时，工作人员一直让我们再等等,是,否
R0110,朋友说这里适合亲子游，我没有实际去过，暂时无法评价。,中性,其他,朋友说这里适合亲子游，我没有实际去过，暂时无法评价,是,否
R0111,热汤面味道普通，套餐却比菜单标价多收了十元。,负面,餐饮;价格,热汤面味道普通，套餐却比菜单标价多收了十元,否,否
R0112,停车场到湖心步道有无障碍坡道和休息座椅，带长辈出行比较方便。,正面,交通;设施,停车场到湖心步道有无障碍坡道和休息座椅，带长辈出行比较方便,否,否
R0113,索道口的工作人员主动帮我们指路，还提醒了安全事项。,正面,服务,索道口的工作人员主动帮我们指路，还提醒了安全事项,否,否
R0114,咨询古城墙怎么走时，工作人员一直低头玩手机，没有回应。,负面,服务,咨询古城墙怎么走时，工作人员一直低头玩手机，没有回应,否,否
R0115,周六上午入园只等了45分钟，检票安排比较顺畅。,正面,排队,周六上午入园只等了45分钟，检票安排比较顺畅,否,否
R0116,周六上午在索道口排了110分钟，现场也没人说明原因。,负面,排队;服务,周六上午在索道口排了110分钟，现场也没人说明原因,否,否
R0117,门票90元，包含接驳车和展馆，整体可以接受。,正面,价格,门票90元，包含接驳车和展馆，整体可以接受,否,否
R0118,门票90元还要另收摆渡车费，感觉价格不太合理。,负面,价格;交通,门票90元还要另收摆渡车费，感觉价格不太合理,否,否
R0119,古城墙附近没有垃圾，洗手间也很整洁。,正面,卫生,古城墙附近没有垃圾，洗手间也很整洁,否,否
R0120,洗手间有异味，垃圾桶旁边还有没清理的纸巾。,负面,卫生,洗手间有异味，垃圾桶旁边还有没清理的纸巾,否,否
R0121,景区里的本地小吃热乎，分量也刚好，休息时吃得很舒服。,正面,餐饮,景区里的本地小吃热乎，分量也刚好，休息时吃得很舒服,否,否
R0122,本地小吃又冷又咸，价格还比门口餐馆高不少。,负面,餐饮;价格,本地小吃又冷又咸，价格还比门口餐馆高不少,否,否
R0123,从地铁站出来有直达接驳车，到索道口很省心。,正面,交通,从地铁站出来有直达接驳车，到索道口很省心,否,否
R0124,返程接驳车间隔太久，最后只能步行很远去找公交。,负面,交通,返程接驳车间隔太久，最后只能步行很远去找公交,否,否
R0125,古城墙的栈道和座椅维护得不错，老人走起来也方便。,正面,设施,古城墙的栈道和座椅维护得不错，老人走起来也方便,否,否
R0126,观景台护栏松动，几个指示牌也褪色看不清。,负面,设施,观景台护栏松动，几个指示牌也褪色看不清,否,否
R0127,傍晚在古城墙看日落很开阔，照片比预想更有层次。,正面,景色,傍晚在古城墙看日落很开阔，照片比预想更有层次,否,否
R0128,当天大雾，古城墙几乎看不见远处，体验只能说一般。,中性,景色,当天大雾，古城墙几乎看不见远处，体验只能说一般,是,否
R0129,宣传图里的花海面积很大，实际只有入口一小片，落差明显。,负面,宣传,宣传图里的花海面积很大，实际只有入口一小片，落差明显,否,否
R0130,慢慢逛了半天，没有特别惊喜，也没有明显不舒服的地方。,中性,无明显问题,慢慢逛了半天，没有特别惊喜，也没有明显不舒服的地方,否,否
R0131,古城墙景色很好，但路边垃圾较多，工作人员清扫不及时。,中性,景色;卫生;服务,古城墙景色很好，但路边垃圾较多，工作人员清扫不及时,是,否
R0132,门票不贵，不过索道口排队太久，进园后心情已经受影响。,中性,价格;排队,门票不贵，不过索道口排队太久，进园后心情已经受影响,是,否
R0133,真有效率，在索道口晒了半小时，工作人员一直让我们再等等。,负面,排队;服务,真有效率，在索道口晒了半小时，工作人员一直让我们再等等,是,否
R0134,朋友说这里适合亲子游，我没有实际去过，暂时无法评价。,中性,其他,朋友说这里适合亲子游，我没有实际去过，暂时无法评价,是,否
R0135,本地小吃味道普通，套餐却比菜单标价多收了十元。,负面,餐饮;价格,本地小吃味道普通，套餐却比菜单标价多收了十元,否,否
R0136,停车场到古城墙有无障碍坡道和休息座椅，带长辈出行比较方便。,正面,交通;设施,停车场到古城墙有无障碍坡道和休息座椅，带长辈出行比较方便,否,否
R0137,湖边入口的工作人员主动帮我们指路，还提醒了安全事项。,正面,服务,湖边入口的工作人员主动帮我们指路，还提醒了安全事项,否,否
R0138,咨询森林小径怎么走时，工作人员一直低头玩手机，没有回应。,负面,服务,咨询森林小径怎么走时，工作人员一直低头玩手机，没有回应,否,否
R0139,节假日早上入园只等了55分钟，检票安排比较顺畅。,正面,排队,节假日早上入园只等了55分钟，检票安排比较顺畅,否,否
R0140,节假日早上在湖边入口排了130分钟，现场也没人说明原因。,负面,排队;服务,节假日早上在湖边入口排了130分钟，现场也没人说明原因,否,否
R0141,门票45元，包含接驳车和展馆，整体可以接受。,正面,价格,门票45元，包含接驳车和展馆，整体可以接受,否,否
R0142,门票45元还要另收摆渡车费，感觉价格不太合理。,负面,价格;交通,门票45元还要另收摆渡车费，感觉价格不太合理,否,否
R0143,森林小径附近没有垃圾，洗手间也很整洁。,正面,卫生,森林小径附近没有垃圾，洗手间也很整洁,否,否
R0144,洗手间有异味，垃圾桶旁边还有没清理的纸巾。,负面,卫生,洗手间有异味，垃圾桶旁边还有没清理的纸巾,否,否
R0145,景区里的简餐热乎，分量也刚好，休息时吃得很舒服。,正面,餐饮,景区里的简餐热乎，分量也刚好，休息时吃得很舒服,否,否
R0146,简餐又冷又咸，价格还比门口餐馆高不少。,负面,餐饮;价格,简餐又冷又咸，价格还比门口餐馆高不少,否,否
R0147,从地铁站出来有直达接驳车，到湖边入口很省心。,正面,交通,从地铁站出来有直达接驳车，到湖边入口很省心,否,否
R0148,返程接驳车间隔太久，最后只能步行很远去找公交。,负面,交通,返程接驳车间隔太久，最后只能步行很远去找公交,否,否
R0149,森林小径的栈道和座椅维护得不错，老人走起来也方便。,正面,设施,森林小径的栈道和座椅维护得不错，老人走起来也方便,否,否
R0150,观景台护栏松动，几个指示牌也褪色看不清。,负面,设施,观景台护栏松动，几个指示牌也褪色看不清,否,否
R0151,傍晚在森林小径看日落很开阔，照片比预想更有层次。,正面,景色,傍晚在森林小径看日落很开阔，照片比预想更有层次,否,否
R0152,当天大雾，森林小径几乎看不见远处，体验只能说一般。,中性,景色,当天大雾，森林小径几乎看不见远处，体验只能说一般,是,否
R0153,宣传图里的花海面积很大，实际只有入口一小片，落差明显。,负面,宣传,宣传图里的花海面积很大，实际只有入口一小片，落差明显,否,否
R0154,慢慢逛了半天，没有特别惊喜，也没有明显不舒服的地方。,中性,无明显问题,慢慢逛了半天，没有特别惊喜，也没有明显不舒服的地方,否,否
R0155,森林小径景色很好，但路边垃圾较多，工作人员清扫不及时。,中性,景色;卫生;服务,森林小径景色很好，但路边垃圾较多，工作人员清扫不及时,是,否
R0156,门票不贵，不过湖边入口排队太久，进园后心情已经受影响。,中性,价格;排队,门票不贵，不过湖边入口排队太久，进园后心情已经受影响,是,否
R0157,真有效率，在湖边入口晒了半小时，工作人员一直让我们再等等。,负面,排队;服务,真有效率，在湖边入口晒了半小时，工作人员一直让我们再等等,是,否
R0158,朋友说这里适合亲子游，我没有实际去过，暂时无法评价。,中性,其他,朋友说这里适合亲子游，我没有实际去过，暂时无法评价,是,否
R0159,简餐味道普通，套餐却比菜单标价多收了十元。,负面,餐饮;价格,简餐味道普通，套餐却比菜单标价多收了十元,否,否
R0160,停车场到森林小径有无障碍坡道和休息座椅，带长辈出行比较方便。,正面,交通;设施,停车场到森林小径有无障碍坡道和休息座椅，带长辈出行比较方便,否,否
R0161,东门的工作人员主动帮我们指路，还提醒了安全事项。,正面,服务,东门的工作人员主动帮我们指路，还提醒了安全事项,否,否
R0162,咨询云台观景台怎么走时，工作人员一直低头玩手机，没有回应。,负面,服务,咨询云台观景台怎么走时，工作人员一直低头玩手机，没有回应,否,否
R0163,周一上午入园只等了65分钟，检票安排比较顺畅。,正面,排队,周一上午入园只等了65分钟，检票安排比较顺畅,否,否
R0164,周一上午在东门排了50分钟，现场也没人说明原因。,负面,排队;服务,周一上午在东门排了50分钟，现场也没人说明原因,否,否
R0165,门票60元，包含接驳车和展馆，整体可以接受。,正面,价格,门票60元，包含接驳车和展馆，整体可以接受,否,否
R0166,门票60元还要另收摆渡车费，感觉价格不太合理。,负面,价格;交通,门票60元还要另收摆渡车费，感觉价格不太合理,否,否
R0167,云台观景台附近没有垃圾，洗手间也很整洁。,正面,卫生,云台观景台附近没有垃圾，洗手间也很整洁,否,否
R0168,洗手间有异味，垃圾桶旁边还有没清理的纸巾。,负面,卫生,洗手间有异味，垃圾桶旁边还有没清理的纸巾,否,否
R0169,景区里的菌菇面热乎，分量也刚好，休息时吃得很舒服。,正面,餐饮,景区里的菌菇面热乎，分量也刚好，休息时吃得很舒服,否,否
R0170,菌菇面又冷又咸，价格还比门口餐馆高不少。,负面,餐饮;价格,菌菇面又冷又咸，价格还比门口餐馆高不少,否,否
R0171,从地铁站出来有直达接驳车，到东门很省心。,正面,交通,从地铁站出来有直达接驳车，到东门很省心,否,否
R0172,返程接驳车间隔太久，最后只能步行很远去找公交。,负面,交通,返程接驳车间隔太久，最后只能步行很远去找公交,否,否
R0173,云台观景台的栈道和座椅维护得不错，老人走起来也方便。,正面,设施,云台观景台的栈道和座椅维护得不错，老人走起来也方便,否,否
R0174,观景台护栏松动，几个指示牌也褪色看不清。,负面,设施,观景台护栏松动，几个指示牌也褪色看不清,否,否
R0175,傍晚在云台观景台看日落很开阔，照片比预想更有层次。,正面,景色,傍晚在云台观景台看日落很开阔，照片比预想更有层次,否,否
R0176,当天大雾，云台观景台几乎看不见远处，体验只能说一般。,中性,景色,当天大雾，云台观景台几乎看不见远处，体验只能说一般,是,否
R0177,宣传图里的花海面积很大，实际只有入口一小片，落差明显。,负面,宣传,宣传图里的花海面积很大，实际只有入口一小片，落差明显,否,否
R0178,慢慢逛了半天，没有特别惊喜，也没有明显不舒服的地方。,中性,无明显问题,慢慢逛了半天，没有特别惊喜，也没有明显不舒服的地方,否,否
R0179,云台观景台景色很好，但路边垃圾较多，工作人员清扫不及时。,中性,景色;卫生;服务,云台观景台景色很好，但路边垃圾较多，工作人员清扫不及时,是,否
R0180,门票不贵，不过东门排队太久，进园后心情已经受影响。,中性,价格;排队,门票不贵，不过东门排队太久，进园后心情已经受影响,是,否
R0181,真有效率，在东门晒了半小时，工作人员一直让我们再等等。,负面,排队;服务,真有效率，在东门晒了半小时，工作人员一直让我们再等等,是,否
R0182,朋友说这里适合亲子游，我没有实际去过，暂时无法评价。,中性,其他,朋友说这里适合亲子游，我没有实际去过，暂时无法评价,是,否
R0183,菌菇面味道普通，套餐却比菜单标价多收了十元。,负面,餐饮;价格,菌菇面味道普通，套餐却比菜单标价多收了十元,否,否
R0184,停车场到云台观景台有无障碍坡道和休息座椅，带长辈出行比较方便。,正面,交通;设施,停车场到云台观景台有无障碍坡道和休息座椅，带长辈出行比较方便,否,否
R0185,南门的工作人员主动帮我们指路，还提醒了安全事项。,正面,服务,南门的工作人员主动帮我们指路，还提醒了安全事项,否,否
R0186,咨询山谷栈道怎么走时，工作人员一直低头玩手机，没有回应。,负面,服务,咨询山谷栈道怎么走时，工作人员一直低头玩手机，没有回应,否,否
R0187,周三下午入园只等了15分钟，检票安排比较顺畅。,正面,排队,周三下午入园只等了15分钟，检票安排比较顺畅,否,否
R0188,周三下午在南门排了70分钟，现场也没人说明原因。,负面,排队;服务,周三下午在南门排了70分钟，现场也没人说明原因,否,否
R0189,门票75元，包含接驳车和展馆，整体可以接受。,正面,价格,门票75元，包含接驳车和展馆，整体可以接受,否,否
R0190,门票75元还要另收摆渡车费，感觉价格不太合理。,负面,价格;交通,门票75元还要另收摆渡车费，感觉价格不太合理,否,否
R0191,山谷栈道附近没有垃圾，洗手间也很整洁。,正面,卫生,山谷栈道附近没有垃圾，洗手间也很整洁,否,否
R0192,洗手间有异味，垃圾桶旁边还有没清理的纸巾。,负面,卫生,洗手间有异味，垃圾桶旁边还有没清理的纸巾,否,否
R0193,景区里的竹筒饭热乎，分量也刚好，休息时吃得很舒服。,正面,餐饮,景区里的竹筒饭热乎，分量也刚好，休息时吃得很舒服,否,否
R0194,竹筒饭又冷又咸，价格还比门口餐馆高不少。,负面,餐饮;价格,竹筒饭又冷又咸，价格还比门口餐馆高不少,否,否
R0195,从地铁站出来有直达接驳车，到南门很省心。,正面,交通,从地铁站出来有直达接驳车，到南门很省心,否,否
R0196,返程接驳车间隔太久，最后只能步行很远去找公交。,负面,交通,返程接驳车间隔太久，最后只能步行很远去找公交,否,否
R0197,山谷栈道的栈道和座椅维护得不错，老人走起来也方便。,正面,设施,山谷栈道的栈道和座椅维护得不错，老人走起来也方便,否,否
R0198,观景台护栏松动，几个指示牌也褪色看不清。,负面,设施,观景台护栏松动，几个指示牌也褪色看不清,否,否
R0199,傍晚在山谷栈道看日落很开阔，照片比预想更有层次。,正面,景色,傍晚在山谷栈道看日落很开阔，照片比预想更有层次,否,否
R0200,当天大雾，山谷栈道几乎看不见远处，体验只能说一般。,中性,景色,当天大雾，山谷栈道几乎看不见远处，体验只能说一般,是,否
R0201,宣传图里的花海面积很大，实际只有入口一小片，落差明显。,负面,宣传,宣传图里的花海面积很大，实际只有入口一小片，落差明显,否,否
R0202,慢慢逛了半天，没有特别惊喜，也没有明显不舒服的地方。,中性,无明显问题,慢慢逛了半天，没有特别惊喜，也没有明显不舒服的地方,否,否
R0203,山谷栈道景色很好，但路边垃圾较多，工作人员清扫不及时。,中性,景色;卫生;服务,山谷栈道景色很好，但路边垃圾较多，工作人员清扫不及时,是,否
R0204,门票不贵，不过南门排队太久，进园后心情已经受影响。,中性,价格;排队,门票不贵，不过南门排队太久，进园后心情已经受影响,是,否
R0205,真有效率，在南门晒了半小时，工作人员一直让我们再等等。,负面,排队;服务,真有效率，在南门晒了半小时，工作人员一直让我们再等等,是,否
R0206,朋友说这里适合亲子游，我没有实际去过，暂时无法评价。,中性,其他,朋友说这里适合亲子游，我没有实际去过，暂时无法评价,是,否
R0207,竹筒饭味道普通，套餐却比菜单标价多收了十元。,负面,餐饮;价格,竹筒饭味道普通，套餐却比菜单标价多收了十元,否,否
R0208,停车场到山谷栈道有无障碍坡道和休息座椅，带长辈出行比较方便。,正面,交通;设施,停车场到山谷栈道有无障碍坡道和休息座椅，带长辈出行比较方便,否,否
R0209,游客中心的工作人员主动帮我们指路，还提醒了安全事项。,正面,服务,游客中心的工作人员主动帮我们指路，还提醒了安全事项,否,否
R0210,咨询湖心步道怎么走时，工作人员一直低头玩手机，没有回应。,负面,服务,咨询湖心步道怎么走时，工作人员一直低头玩手机，没有回应,否,否
R0211,周五傍晚入园只等了25分钟，检票安排比较顺畅。,正面,排队,周五傍晚入园只等了25分钟，检票安排比较顺畅,否,否
R0212,周五傍晚在游客中心排了90分钟，现场也没人说明原因。,负面,排队;服务,周五傍晚在游客中心排了90分钟，现场也没人说明原因,否,否
R0213,门票90元，包含接驳车和展馆，整体可以接受。,正面,价格,门票90元，包含接驳车和展馆，整体可以接受,否,否
R0214,门票90元还要另收摆渡车费，感觉价格不太合理。,负面,价格;交通,门票90元还要另收摆渡车费，感觉价格不太合理,否,否
R0215,湖心步道附近没有垃圾，洗手间也很整洁。,正面,卫生,湖心步道附近没有垃圾，洗手间也很整洁,否,否
R0216,洗手间有异味，垃圾桶旁边还有没清理的纸巾。,负面,卫生,洗手间有异味，垃圾桶旁边还有没清理的纸巾,否,否
R0217,景区里的热汤面热乎，分量也刚好，休息时吃得很舒服。,正面,餐饮,景区里的热汤面热乎，分量也刚好，休息时吃得很舒服,否,否
R0218,热汤面又冷又咸，价格还比门口餐馆高不少。,负面,餐饮;价格,热汤面又冷又咸，价格还比门口餐馆高不少,否,否
R0219,从地铁站出来有直达接驳车，到游客中心很省心。,正面,交通,从地铁站出来有直达接驳车，到游客中心很省心,否,否
R0220,返程接驳车间隔太久，最后只能步行很远去找公交。,负面,交通,返程接驳车间隔太久，最后只能步行很远去找公交,否,否
R0221,湖心步道的栈道和座椅维护得不错，老人走起来也方便。,正面,设施,湖心步道的栈道和座椅维护得不错，老人走起来也方便,否,否
R0222,观景台护栏松动，几个指示牌也褪色看不清。,负面,设施,观景台护栏松动，几个指示牌也褪色看不清,否,否
R0223,傍晚在湖心步道看日落很开阔，照片比预想更有层次。,正面,景色,傍晚在湖心步道看日落很开阔，照片比预想更有层次,否,否
R0224,当天大雾，湖心步道几乎看不见远处，体验只能说一般。,中性,景色,当天大雾，湖心步道几乎看不见远处，体验只能说一般,是,否
R0225,宣传图里的花海面积很大，实际只有入口一小片，落差明显。,负面,宣传,宣传图里的花海面积很大，实际只有入口一小片，落差明显,否,否
R0226,慢慢逛了半天，没有特别惊喜，也没有明显不舒服的地方。,中性,无明显问题,慢慢逛了半天，没有特别惊喜，也没有明显不舒服的地方,否,否
R0227,湖心步道景色很好，但路边垃圾较多，工作人员清扫不及时。,中性,景色;卫生;服务,湖心步道景色很好，但路边垃圾较多，工作人员清扫不及时,是,否
R0228,门票不贵，不过游客中心排队太久，进园后心情已经受影响。,中性,价格;排队,门票不贵，不过游客中心排队太久，进园后心情已经受影响,是,否
R0229,真有效率，在游客中心晒了半小时，工作人员一直让我们再等等。,负面,排队;服务,真有效率，在游客中心晒了半小时，工作人员一直让我们再等等,是,否
R0230,朋友说这里适合亲子游，我没有实际去过，暂时无法评价。,中性,其他,朋友说这里适合亲子游，我没有实际去过，暂时无法评价,是,否
R0231,热汤面味道普通，套餐却比菜单标价多收了十元。,负面,餐饮;价格,热汤面味道普通，套餐却比菜单标价多收了十元,否,否
R0232,停车场到湖心步道有无障碍坡道和休息座椅，带长辈出行比较方便。,正面,交通;设施,停车场到湖心步道有无障碍坡道和休息座椅，带长辈出行比较方便,否,否
R0233,索道口的工作人员主动帮我们指路，还提醒了安全事项。,正面,服务,索道口的工作人员主动帮我们指路，还提醒了安全事项,否,否
R0234,咨询古城墙怎么走时，工作人员一直低头玩手机，没有回应。,负面,服务,咨询古城墙怎么走时，工作人员一直低头玩手机，没有回应,否,否
R0235,周六上午入园只等了35分钟，检票安排比较顺畅。,正面,排队,周六上午入园只等了35分钟，检票安排比较顺畅,否,否
R0236,周六上午在索道口排了110分钟，现场也没人说明原因。,负面,排队;服务,周六上午在索道口排了110分钟，现场也没人说明原因,否,否
R0237,门票45元，包含接驳车和展馆，整体可以接受。,正面,价格,门票45元，包含接驳车和展馆，整体可以接受,否,否
R0238,门票45元还要另收摆渡车费，感觉价格不太合理。,负面,价格;交通,门票45元还要另收摆渡车费，感觉价格不太合理,否,否
R0239,古城墙附近没有垃圾，洗手间也很整洁。,正面,卫生,古城墙附近没有垃圾，洗手间也很整洁,否,否
R0240,洗手间有异味，垃圾桶旁边还有没清理的纸巾。,负面,卫生,洗手间有异味，垃圾桶旁边还有没清理的纸巾,否,否
R0241,景区里的本地小吃热乎，分量也刚好，休息时吃得很舒服。,正面,餐饮,景区里的本地小吃热乎，分量也刚好，休息时吃得很舒服,否,否
R0242,本地小吃又冷又咸，价格还比门口餐馆高不少。,负面,餐饮;价格,本地小吃又冷又咸，价格还比门口餐馆高不少,否,否
R0243,从地铁站出来有直达接驳车，到索道口很省心。,正面,交通,从地铁站出来有直达接驳车，到索道口很省心,否,否
R0244,返程接驳车间隔太久，最后只能步行很远去找公交。,负面,交通,返程接驳车间隔太久，最后只能步行很远去找公交,否,否
R0245,古城墙的栈道和座椅维护得不错，老人走起来也方便。,正面,设施,古城墙的栈道和座椅维护得不错，老人走起来也方便,否,否
R0246,观景台护栏松动，几个指示牌也褪色看不清。,负面,设施,观景台护栏松动，几个指示牌也褪色看不清,否,否
R0247,傍晚在古城墙看日落很开阔，照片比预想更有层次。,正面,景色,傍晚在古城墙看日落很开阔，照片比预想更有层次,否,否
R0248,当天大雾，古城墙几乎看不见远处，体验只能说一般。,中性,景色,当天大雾，古城墙几乎看不见远处，体验只能说一般,是,否
R0249,宣传图里的花海面积很大，实际只有入口一小片，落差明显。,负面,宣传,宣传图里的花海面积很大，实际只有入口一小片，落差明显,否,否
R0250,慢慢逛了半天，没有特别惊喜，也没有明显不舒服的地方。,中性,无明显问题,慢慢逛了半天，没有特别惊喜，也没有明显不舒服的地方,否,否
R0251,古城墙景色很好，但路边垃圾较多，工作人员清扫不及时。,中性,景色;卫生;服务,古城墙景色很好，但路边垃圾较多，工作人员清扫不及时,是,否
R0252,门票不贵，不过索道口排队太久，进园后心情已经受影响。,中性,价格;排队,门票不贵，不过索道口排队太久，进园后心情已经受影响,是,否
R0253,真有效率，在索道口晒了半小时，工作人员一直让我们再等等。,负面,排队;服务,真有效率，在索道口晒了半小时，工作人员一直让我们再等等,是,否
R0254,朋友说这里适合亲子游，我没有实际去过，暂时无法评价。,中性,其他,朋友说这里适合亲子游，我没有实际去过，暂时无法评价,是,否
R0255,本地小吃味道普通，套餐却比菜单标价多收了十元。,负面,餐饮;价格,本地小吃味道普通，套餐却比菜单标价多收了十元,否,否
R0256,停车场到古城墙有无障碍坡道和休息座椅，带长辈出行比较方便。,正面,交通;设施,停车场到古城墙有无障碍坡道和休息座椅，带长辈出行比较方便,否,否
R0257,湖边入口的工作人员主动帮我们指路，还提醒了安全事项。,正面,服务,湖边入口的工作人员主动帮我们指路，还提醒了安全事项,否,否
R0258,咨询森林小径怎么走时，工作人员一直低头玩手机，没有回应。,负面,服务,咨询森林小径怎么走时，工作人员一直低头玩手机，没有回应,否,否
R0259,节假日早上入园只等了45分钟，检票安排比较顺畅。,正面,排队,节假日早上入园只等了45分钟，检票安排比较顺畅,否,否
R0260,节假日早上在湖边入口排了130分钟，现场也没人说明原因。,负面,排队;服务,节假日早上在湖边入口排了130分钟，现场也没人说明原因,否,否
R0261,门票60元，包含接驳车和展馆，整体可以接受。,正面,价格,门票60元，包含接驳车和展馆，整体可以接受,否,否
R0262,门票60元还要另收摆渡车费，感觉价格不太合理。,负面,价格;交通,门票60元还要另收摆渡车费，感觉价格不太合理,否,否
R0263,森林小径附近没有垃圾，洗手间也很整洁。,正面,卫生,森林小径附近没有垃圾，洗手间也很整洁,否,否
R0264,洗手间有异味，垃圾桶旁边还有没清理的纸巾。,负面,卫生,洗手间有异味，垃圾桶旁边还有没清理的纸巾,否,否
R0265,景区里的简餐热乎，分量也刚好，休息时吃得很舒服。,正面,餐饮,景区里的简餐热乎，分量也刚好，休息时吃得很舒服,否,否
R0266,简餐又冷又咸，价格还比门口餐馆高不少。,负面,餐饮;价格,简餐又冷又咸，价格还比门口餐馆高不少,否,否
R0267,从地铁站出来有直达接驳车，到湖边入口很省心。,正面,交通,从地铁站出来有直达接驳车，到湖边入口很省心,否,否
R0268,返程接驳车间隔太久，最后只能步行很远去找公交。,负面,交通,返程接驳车间隔太久，最后只能步行很远去找公交,否,否
R0269,森林小径的栈道和座椅维护得不错，老人走起来也方便。,正面,设施,森林小径的栈道和座椅维护得不错，老人走起来也方便,否,否
R0270,观景台护栏松动，几个指示牌也褪色看不清。,负面,设施,观景台护栏松动，几个指示牌也褪色看不清,否,否
R0271,傍晚在森林小径看日落很开阔，照片比预想更有层次。,正面,景色,傍晚在森林小径看日落很开阔，照片比预想更有层次,否,否
R0272,当天大雾，森林小径几乎看不见远处，体验只能说一般。,中性,景色,当天大雾，森林小径几乎看不见远处，体验只能说一般,是,否
R0273,宣传图里的花海面积很大，实际只有入口一小片，落差明显。,负面,宣传,宣传图里的花海面积很大，实际只有入口一小片，落差明显,否,否
R0274,慢慢逛了半天，没有特别惊喜，也没有明显不舒服的地方。,中性,无明显问题,慢慢逛了半天，没有特别惊喜，也没有明显不舒服的地方,否,否
R0275,森林小径景色很好，但路边垃圾较多，工作人员清扫不及时。,中性,景色;卫生;服务,森林小径景色很好，但路边垃圾较多，工作人员清扫不及时,是,否
R0276,门票不贵，不过湖边入口排队太久，进园后心情已经受影响。,中性,价格;排队,门票不贵，不过湖边入口排队太久，进园后心情已经受影响,是,否
R0277,真有效率，在湖边入口晒了半小时，工作人员一直让我们再等等。,负面,排队;服务,真有效率，在湖边入口晒了半小时，工作人员一直让我们再等等,是,否
R0278,朋友说这里适合亲子游，我没有实际去过，暂时无法评价。,中性,其他,朋友说这里适合亲子游，我没有实际去过，暂时无法评价,是,否
R0279,简餐味道普通，套餐却比菜单标价多收了十元。,负面,餐饮;价格,简餐味道普通，套餐却比菜单标价多收了十元,否,否
R0280,停车场到森林小径有无障碍坡道和休息座椅，带长辈出行比较方便。,正面,交通;设施,停车场到森林小径有无障碍坡道和休息座椅，带长辈出行比较方便,否,否
R0281,东门的工作人员主动帮我们指路，还提醒了安全事项。,正面,服务,东门的工作人员主动帮我们指路，还提醒了安全事项,否,否
R0282,咨询云台观景台怎么走时，工作人员一直低头玩手机，没有回应。,负面,服务,咨询云台观景台怎么走时，工作人员一直低头玩手机，没有回应,否,否
R0283,周一上午入园只等了55分钟，检票安排比较顺畅。,正面,排队,周一上午入园只等了55分钟，检票安排比较顺畅,否,否
R0284,周一上午在东门排了50分钟，现场也没人说明原因。,负面,排队;服务,周一上午在东门排了50分钟，现场也没人说明原因,否,否
R0285,门票75元，包含接驳车和展馆，整体可以接受。,正面,价格,门票75元，包含接驳车和展馆，整体可以接受,否,否
R0286,门票75元还要另收摆渡车费，感觉价格不太合理。,负面,价格;交通,门票75元还要另收摆渡车费，感觉价格不太合理,否,否
R0287,云台观景台附近没有垃圾，洗手间也很整洁。,正面,卫生,云台观景台附近没有垃圾，洗手间也很整洁,否,否
R0288,洗手间有异味，垃圾桶旁边还有没清理的纸巾。,负面,卫生,洗手间有异味，垃圾桶旁边还有没清理的纸巾,否,否
R0289,景区里的菌菇面热乎，分量也刚好，休息时吃得很舒服。,正面,餐饮,景区里的菌菇面热乎，分量也刚好，休息时吃得很舒服,否,否
R0290,菌菇面又冷又咸，价格还比门口餐馆高不少。,负面,餐饮;价格,菌菇面又冷又咸，价格还比门口餐馆高不少,否,否
R0291,从地铁站出来有直达接驳车，到东门很省心。,正面,交通,从地铁站出来有直达接驳车，到东门很省心,否,否
R0292,返程接驳车间隔太久，最后只能步行很远去找公交。,负面,交通,返程接驳车间隔太久，最后只能步行很远去找公交,否,否
R0293,云台观景台的栈道和座椅维护得不错，老人走起来也方便。,正面,设施,云台观景台的栈道和座椅维护得不错，老人走起来也方便,否,否
R0294,观景台护栏松动，几个指示牌也褪色看不清。,负面,设施,观景台护栏松动，几个指示牌也褪色看不清,否,否
R0295,傍晚在云台观景台看日落很开阔，照片比预想更有层次。,正面,景色,傍晚在云台观景台看日落很开阔，照片比预想更有层次,否,否
R0296,当天大雾，云台观景台几乎看不见远处，体验只能说一般。,中性,景色,当天大雾，云台观景台几乎看不见远处，体验只能说一般,是,否
R0297,宣传图里的花海面积很大，实际只有入口一小片，落差明显。,负面,宣传,宣传图里的花海面积很大，实际只有入口一小片，落差明显,否,否
R0298,慢慢逛了半天，没有特别惊喜，也没有明显不舒服的地方。,中性,无明显问题,慢慢逛了半天，没有特别惊喜，也没有明显不舒服的地方,否,否
R0299,云台观景台景色很好，但路边垃圾较多，工作人员清扫不及时。,中性,景色;卫生;服务,云台观景台景色很好，但路边垃圾较多，工作人员清扫不及时,是,否
R0300,门票不贵，不过东门排队太久，进园后心情已经受影响。,中性,价格;排队,门票不贵，不过东门排队太久，进园后心情已经受影响,是,否
R0301,真有效率，在东门晒了半小时，工作人员一直让我们再等等。,负面,排队;服务,真有效率，在东门晒了半小时，工作人员一直让我们再等等,是,否
R0302,朋友说这里适合亲子游，我没有实际去过，暂时无法评价。,中性,其他,朋友说这里适合亲子游，我没有实际去过，暂时无法评价,是,否
R0303,菌菇面味道普通，套餐却比菜单标价多收了十元。,负面,餐饮;价格,菌菇面味道普通，套餐却比菜单标价多收了十元,否,否
R0304,停车场到云台观景台有无障碍坡道和休息座椅，带长辈出行比较方便。,正面,交通;设施,停车场到云台观景台有无障碍坡道和休息座椅，带长辈出行比较方便,否,否
R0305,南门的工作人员主动帮我们指路，还提醒了安全事项。,正面,服务,南门的工作人员主动帮我们指路，还提醒了安全事项,否,否
R0306,咨询山谷栈道怎么走时，工作人员一直低头玩手机，没有回应。,负面,服务,咨询山谷栈道怎么走时，工作人员一直低头玩手机，没有回应,否,否
R0307,周三下午入园只等了65分钟，检票安排比较顺畅。,正面,排队,周三下午入园只等了65分钟，检票安排比较顺畅,否,否
R0308,周三下午在南门排了70分钟，现场也没人说明原因。,负面,排队;服务,周三下午在南门排了70分钟，现场也没人说明原因,否,否
R0309,门票90元，包含接驳车和展馆，整体可以接受。,正面,价格,门票90元，包含接驳车和展馆，整体可以接受,否,否
R0310,门票90元还要另收摆渡车费，感觉价格不太合理。,负面,价格;交通,门票90元还要另收摆渡车费，感觉价格不太合理,否,否
R0311,山谷栈道附近没有垃圾，洗手间也很整洁。,正面,卫生,山谷栈道附近没有垃圾，洗手间也很整洁,否,否
R0312,洗手间有异味，垃圾桶旁边还有没清理的纸巾。,负面,卫生,洗手间有异味，垃圾桶旁边还有没清理的纸巾,否,否
R0313,景区里的竹筒饭热乎，分量也刚好，休息时吃得很舒服。,正面,餐饮,景区里的竹筒饭热乎，分量也刚好，休息时吃得很舒服,否,否
R0314,竹筒饭又冷又咸，价格还比门口餐馆高不少。,负面,餐饮;价格,竹筒饭又冷又咸，价格还比门口餐馆高不少,否,否
R0315,从地铁站出来有直达接驳车，到南门很省心。,正面,交通,从地铁站出来有直达接驳车，到南门很省心,否,否
R0316,返程接驳车间隔太久，最后只能步行很远去找公交。,负面,交通,返程接驳车间隔太久，最后只能步行很远去找公交,否,否
R0317,山谷栈道的栈道和座椅维护得不错，老人走起来也方便。,正面,设施,山谷栈道的栈道和座椅维护得不错，老人走起来也方便,否,否
R0318,观景台护栏松动，几个指示牌也褪色看不清。,负面,设施,观景台护栏松动，几个指示牌也褪色看不清,否,否
R0319,傍晚在山谷栈道看日落很开阔，照片比预想更有层次。,正面,景色,傍晚在山谷栈道看日落很开阔，照片比预想更有层次,否,否
R0320,当天大雾，山谷栈道几乎看不见远处，体验只能说一般。,中性,景色,当天大雾，山谷栈道几乎看不见远处，体验只能说一般,是,否
R0321,宣传图里的花海面积很大，实际只有入口一小片，落差明显。,负面,宣传,宣传图里的花海面积很大，实际只有入口一小片，落差明显,否,否
R0322,慢慢逛了半天，没有特别惊喜，也没有明显不舒服的地方。,中性,无明显问题,慢慢逛了半天，没有特别惊喜，也没有明显不舒服的地方,否,否
R0323,山谷栈道景色很好，但路边垃圾较多，工作人员清扫不及时。,中性,景色;卫生;服务,山谷栈道景色很好，但路边垃圾较多，工作人员清扫不及时,是,否
R0324,门票不贵，不过南门排队太久，进园后心情已经受影响。,中性,价格;排队,门票不贵，不过南门排队太久，进园后心情已经受影响,是,否
R0325,真有效率，在南门晒了半小时，工作人员一直让我们再等等。,负面,排队;服务,真有效率，在南门晒了半小时，工作人员一直让我们再等等,是,否
R0326,朋友说这里适合亲子游，我没有实际去过，暂时无法评价。,中性,其他,朋友说这里适合亲子游，我没有实际去过，暂时无法评价,是,否
R0327,竹筒饭味道普通，套餐却比菜单标价多收了十元。,负面,餐饮;价格,竹筒饭味道普通，套餐却比菜单标价多收了十元,否,否
R0328,停车场到山谷栈道有无障碍坡道和休息座椅，带长辈出行比较方便。,正面,交通;设施,停车场到山谷栈道有无障碍坡道和休息座椅，带长辈出行比较方便,否,否
R0329,游客中心的工作人员主动帮我们指路，还提醒了安全事项。,正面,服务,游客中心的工作人员主动帮我们指路，还提醒了安全事项,否,否
R0330,咨询湖心步道怎么走时，工作人员一直低头玩手机，没有回应。,负面,服务,咨询湖心步道怎么走时，工作人员一直低头玩手机，没有回应,否,否
R0331,周五傍晚入园只等了15分钟，检票安排比较顺畅。,正面,排队,周五傍晚入园只等了15分钟，检票安排比较顺畅,否,否
R0332,周五傍晚在游客中心排了90分钟，现场也没人说明原因。,负面,排队;服务,周五傍晚在游客中心排了90分钟，现场也没人说明原因,否,否
R0333,门票45元，包含接驳车和展馆，整体可以接受。,正面,价格,门票45元，包含接驳车和展馆，整体可以接受,否,否
R0334,门票45元还要另收摆渡车费，感觉价格不太合理。,负面,价格;交通,门票45元还要另收摆渡车费，感觉价格不太合理,否,否
R0335,湖心步道附近没有垃圾，洗手间也很整洁。,正面,卫生,湖心步道附近没有垃圾，洗手间也很整洁,否,否
R0336,洗手间有异味，垃圾桶旁边还有没清理的纸巾。,负面,卫生,洗手间有异味，垃圾桶旁边还有没清理的纸巾,否,否
R0337,景区里的热汤面热乎，分量也刚好，休息时吃得很舒服。,正面,餐饮,景区里的热汤面热乎，分量也刚好，休息时吃得很舒服,否,否
R0338,热汤面又冷又咸，价格还比门口餐馆高不少。,负面,餐饮;价格,热汤面又冷又咸，价格还比门口餐馆高不少,否,否
R0339,从地铁站出来有直达接驳车，到游客中心很省心。,正面,交通,从地铁站出来有直达接驳车，到游客中心很省心,否,否
R0340,返程接驳车间隔太久，最后只能步行很远去找公交。,负面,交通,返程接驳车间隔太久，最后只能步行很远去找公交,否,否
R0341,湖心步道的栈道和座椅维护得不错，老人走起来也方便。,正面,设施,湖心步道的栈道和座椅维护得不错，老人走起来也方便,否,否
R0342,观景台护栏松动，几个指示牌也褪色看不清。,负面,设施,观景台护栏松动，几个指示牌也褪色看不清,否,否
R0343,傍晚在湖心步道看日落很开阔，照片比预想更有层次。,正面,景色,傍晚在湖心步道看日落很开阔，照片比预想更有层次,否,否
R0344,当天大雾，湖心步道几乎看不见远处，体验只能说一般。,中性,景色,当天大雾，湖心步道几乎看不见远处，体验只能说一般,是,否
R0345,宣传图里的花海面积很大，实际只有入口一小片，落差明显。,负面,宣传,宣传图里的花海面积很大，实际只有入口一小片，落差明显,否,否
R0346,慢慢逛了半天，没有特别惊喜，也没有明显不舒服的地方。,中性,无明显问题,慢慢逛了半天，没有特别惊喜，也没有明显不舒服的地方,否,否
R0347,湖心步道景色很好，但路边垃圾较多，工作人员清扫不及时。,中性,景色;卫生;服务,湖心步道景色很好，但路边垃圾较多，工作人员清扫不及时,是,否
R0348,门票不贵，不过游客中心排队太久，进园后心情已经受影响。,中性,价格;排队,门票不贵，不过游客中心排队太久，进园后心情已经受影响,是,否
R0349,真有效率，在游客中心晒了半小时，工作人员一直让我们再等等。,负面,排队;服务,真有效率，在游客中心晒了半小时，工作人员一直让我们再等等,是,否
R0350,朋友说这里适合亲子游，我没有实际去过，暂时无法评价。,中性,其他,朋友说这里适合亲子游，我没有实际去过，暂时无法评价,是,否
R0351,热汤面味道普通，套餐却比菜单标价多收了十元。,负面,餐饮;价格,热汤面味道普通，套餐却比菜单标价多收了十元,否,否
R0352,停车场到湖心步道有无障碍坡道和休息座椅，带长辈出行比较方便。,正面,交通;设施,停车场到湖心步道有无障碍坡道和休息座椅，带长辈出行比较方便,否,否
R0353,索道口的工作人员主动帮我们指路，还提醒了安全事项。,正面,服务,索道口的工作人员主动帮我们指路，还提醒了安全事项,否,否
R0354,咨询古城墙怎么走时，工作人员一直低头玩手机，没有回应。,负面,服务,咨询古城墙怎么走时，工作人员一直低头玩手机，没有回应,否,否
R0355,周六上午入园只等了25分钟，检票安排比较顺畅。,正面,排队,周六上午入园只等了25分钟，检票安排比较顺畅,否,否
R0356,周六上午在索道口排了110分钟，现场也没人说明原因。,负面,排队;服务,周六上午在索道口排了110分钟，现场也没人说明原因,否,否
R0357,门票60元，包含接驳车和展馆，整体可以接受。,正面,价格,门票60元，包含接驳车和展馆，整体可以接受,否,否
R0358,门票60元还要另收摆渡车费，感觉价格不太合理。,负面,价格;交通,门票60元还要另收摆渡车费，感觉价格不太合理,否,否
R0359,古城墙附近没有垃圾，洗手间也很整洁。,正面,卫生,古城墙附近没有垃圾，洗手间也很整洁,否,否
R0360,洗手间有异味，垃圾桶旁边还有没清理的纸巾。,负面,卫生,洗手间有异味，垃圾桶旁边还有没清理的纸巾,否,否
R0361,景区里的本地小吃热乎，分量也刚好，休息时吃得很舒服。,正面,餐饮,景区里的本地小吃热乎，分量也刚好，休息时吃得很舒服,否,否
R0362,本地小吃又冷又咸，价格还比门口餐馆高不少。,负面,餐饮;价格,本地小吃又冷又咸，价格还比门口餐馆高不少,否,否
R0363,从地铁站出来有直达接驳车，到索道口很省心。,正面,交通,从地铁站出来有直达接驳车，到索道口很省心,否,否
R0364,返程接驳车间隔太久，最后只能步行很远去找公交。,负面,交通,返程接驳车间隔太久，最后只能步行很远去找公交,否,否
R0365,古城墙的栈道和座椅维护得不错，老人走起来也方便。,正面,设施,古城墙的栈道和座椅维护得不错，老人走起来也方便,否,否
R0366,观景台护栏松动，几个指示牌也褪色看不清。,负面,设施,观景台护栏松动，几个指示牌也褪色看不清,否,否
R0367,傍晚在古城墙看日落很开阔，照片比预想更有层次。,正面,景色,傍晚在古城墙看日落很开阔，照片比预想更有层次,否,否
R0368,当天大雾，古城墙几乎看不见远处，体验只能说一般。,中性,景色,当天大雾，古城墙几乎看不见远处，体验只能说一般,是,否
R0369,宣传图里的花海面积很大，实际只有入口一小片，落差明显。,负面,宣传,宣传图里的花海面积很大，实际只有入口一小片，落差明显,否,否
R0370,慢慢逛了半天，没有特别惊喜，也没有明显不舒服的地方。,中性,无明显问题,慢慢逛了半天，没有特别惊喜，也没有明显不舒服的地方,否,否
R0371,古城墙景色很好，但路边垃圾较多，工作人员清扫不及时。,中性,景色;卫生;服务,古城墙景色很好，但路边垃圾较多，工作人员清扫不及时,是,否
R0372,门票不贵，不过索道口排队太久，进园后心情已经受影响。,中性,价格;排队,门票不贵，不过索道口排队太久，进园后心情已经受影响,是,否
R0373,真有效率，在索道口晒了半小时，工作人员一直让我们再等等。,负面,排队;服务,真有效率，在索道口晒了半小时，工作人员一直让我们再等等,是,否
R0374,朋友说这里适合亲子游，我没有实际去过，暂时无法评价。,中性,其他,朋友说这里适合亲子游，我没有实际去过，暂时无法评价,是,否
R0375,本地小吃味道普通，套餐却比菜单标价多收了十元。,负面,餐饮;价格,本地小吃味道普通，套餐却比菜单标价多收了十元,否,否
R0376,停车场到古城墙有无障碍坡道和休息座椅，带长辈出行比较方便。,正面,交通;设施,停车场到古城墙有无障碍坡道和休息座椅，带长辈出行比较方便,否,否
R0377,湖边入口的工作人员主动帮我们指路，还提醒了安全事项。,正面,服务,湖边入口的工作人员主动帮我们指路，还提醒了安全事项,否,否
R0378,咨询森林小径怎么走时，工作人员一直低头玩手机，没有回应。,负面,服务,咨询森林小径怎么走时，工作人员一直低头玩手机，没有回应,否,否
R0379,节假日早上入园只等了35分钟，检票安排比较顺畅。,正面,排队,节假日早上入园只等了35分钟，检票安排比较顺畅,否,否
R0380,节假日早上在湖边入口排了130分钟，现场也没人说明原因。,负面,排队;服务,节假日早上在湖边入口排了130分钟，现场也没人说明原因,否,否
R0381,门票75元，包含接驳车和展馆，整体可以接受。,正面,价格,门票75元，包含接驳车和展馆，整体可以接受,否,否
R0382,门票75元还要另收摆渡车费，感觉价格不太合理。,负面,价格;交通,门票75元还要另收摆渡车费，感觉价格不太合理,否,否
R0383,森林小径附近没有垃圾，洗手间也很整洁。,正面,卫生,森林小径附近没有垃圾，洗手间也很整洁,否,否
R0384,洗手间有异味，垃圾桶旁边还有没清理的纸巾。,负面,卫生,洗手间有异味，垃圾桶旁边还有没清理的纸巾,否,否
R0385,景区里的简餐热乎，分量也刚好，休息时吃得很舒服。,正面,餐饮,景区里的简餐热乎，分量也刚好，休息时吃得很舒服,否,否
R0386,简餐又冷又咸，价格还比门口餐馆高不少。,负面,餐饮;价格,简餐又冷又咸，价格还比门口餐馆高不少,否,否
R0387,从地铁站出来有直达接驳车，到湖边入口很省心。,正面,交通,从地铁站出来有直达接驳车，到湖边入口很省心,否,否
R0388,返程接驳车间隔太久，最后只能步行很远去找公交。,负面,交通,返程接驳车间隔太久，最后只能步行很远去找公交,否,否
R0389,森林小径的栈道和座椅维护得不错，老人走起来也方便。,正面,设施,森林小径的栈道和座椅维护得不错，老人走起来也方便,否,否
R0390,观景台护栏松动，几个指示牌也褪色看不清。,负面,设施,观景台护栏松动，几个指示牌也褪色看不清,否,否
R0391,傍晚在森林小径看日落很开阔，照片比预想更有层次。,正面,景色,傍晚在森林小径看日落很开阔，照片比预想更有层次,否,否
R0392,当天大雾，森林小径几乎看不见远处，体验只能说一般。,中性,景色,当天大雾，森林小径几乎看不见远处，体验只能说一般,是,否
R0393,宣传图里的花海面积很大，实际只有入口一小片，落差明显。,负面,宣传,宣传图里的花海面积很大，实际只有入口一小片，落差明显,否,否
R0394,慢慢逛了半天，没有特别惊喜，也没有明显不舒服的地方。,中性,无明显问题,慢慢逛了半天，没有特别惊喜，也没有明显不舒服的地方,否,否
R0395,森林小径景色很好，但路边垃圾较多，工作人员清扫不及时。,中性,景色;卫生;服务,森林小径景色很好，但路边垃圾较多，工作人员清扫不及时,是,否
R0396,门票不贵，不过湖边入口排队太久，进园后心情已经受影响。,中性,价格;排队,门票不贵，不过湖边入口排队太久，进园后心情已经受影响,是,否
R0397,真有效率，在湖边入口晒了半小时，工作人员一直让我们再等等。,负面,排队;服务,真有效率，在湖边入口晒了半小时，工作人员一直让我们再等等,是,否
R0398,朋友说这里适合亲子游，我没有实际去过，暂时无法评价。,中性,其他,朋友说这里适合亲子游，我没有实际去过，暂时无法评价,是,否
R0399,简餐味道普通，套餐却比菜单标价多收了十元。,负面,餐饮;价格,简餐味道普通，套餐却比菜单标价多收了十元,否,否
R0400,停车场到森林小径有无障碍坡道和休息座椅，带长辈出行比较方便。,正面,交通;设施,停车场到森林小径有无障碍坡道和休息座椅，带长辈出行比较方便,否,否
R0401,东门的工作人员主动帮我们指路，还提醒了安全事项。,正面,服务,东门的工作人员主动帮我们指路，还提醒了安全事项,否,否
R0402,咨询云台观景台怎么走时，工作人员一直低头玩手机，没有回应。,负面,服务,咨询云台观景台怎么走时，工作人员一直低头玩手机，没有回应,否,否
R0403,周一上午入园只等了45分钟，检票安排比较顺畅。,正面,排队,周一上午入园只等了45分钟，检票安排比较顺畅,否,否
R0404,周一上午在东门排了50分钟，现场也没人说明原因。,负面,排队;服务,周一上午在东门排了50分钟，现场也没人说明原因,否,否
R0405,门票90元，包含接驳车和展馆，整体可以接受。,正面,价格,门票90元，包含接驳车和展馆，整体可以接受,否,否
R0406,门票90元还要另收摆渡车费，感觉价格不太合理。,负面,价格;交通,门票90元还要另收摆渡车费，感觉价格不太合理,否,否
R0407,云台观景台附近没有垃圾，洗手间也很整洁。,正面,卫生,云台观景台附近没有垃圾，洗手间也很整洁,否,否
R0408,洗手间有异味，垃圾桶旁边还有没清理的纸巾。,负面,卫生,洗手间有异味，垃圾桶旁边还有没清理的纸巾,否,否
R0409,景区里的菌菇面热乎，分量也刚好，休息时吃得很舒服。,正面,餐饮,景区里的菌菇面热乎，分量也刚好，休息时吃得很舒服,否,否
R0410,菌菇面又冷又咸，价格还比门口餐馆高不少。,负面,餐饮;价格,菌菇面又冷又咸，价格还比门口餐馆高不少,否,否
R0411,从地铁站出来有直达接驳车，到东门很省心。,正面,交通,从地铁站出来有直达接驳车，到东门很省心,否,否
R0412,返程接驳车间隔太久，最后只能步行很远去找公交。,负面,交通,返程接驳车间隔太久，最后只能步行很远去找公交,否,否
R0413,云台观景台的栈道和座椅维护得不错，老人走起来也方便。,正面,设施,云台观景台的栈道和座椅维护得不错，老人走起来也方便,否,否
R0414,观景台护栏松动，几个指示牌也褪色看不清。,负面,设施,观景台护栏松动，几个指示牌也褪色看不清,否,否
R0415,傍晚在云台观景台看日落很开阔，照片比预想更有层次。,正面,景色,傍晚在云台观景台看日落很开阔，照片比预想更有层次,否,否
R0416,当天大雾，云台观景台几乎看不见远处，体验只能说一般。,中性,景色,当天大雾，云台观景台几乎看不见远处，体验只能说一般,是,否
R0417,宣传图里的花海面积很大，实际只有入口一小片，落差明显。,负面,宣传,宣传图里的花海面积很大，实际只有入口一小片，落差明显,否,否
R0418,慢慢逛了半天，没有特别惊喜，也没有明显不舒服的地方。,中性,无明显问题,慢慢逛了半天，没有特别惊喜，也没有明显不舒服的地方,否,否
R0419,云台观景台景色很好，但路边垃圾较多，工作人员清扫不及时。,中性,景色;卫生;服务,云台观景台景色很好，但路边垃圾较多，工作人员清扫不及时,是,否
R0420,门票不贵，不过东门排队太久，进园后心情已经受影响。,中性,价格;排队,门票不贵，不过东门排队太久，进园后心情已经受影响,是,否
R0421,真有效率，在东门晒了半小时，工作人员一直让我们再等等。,负面,排队;服务,真有效率，在东门晒了半小时，工作人员一直让我们再等等,是,否
R0422,朋友说这里适合亲子游，我没有实际去过，暂时无法评价。,中性,其他,朋友说这里适合亲子游，我没有实际去过，暂时无法评价,是,否
R0423,菌菇面味道普通，套餐却比菜单标价多收了十元。,负面,餐饮;价格,菌菇面味道普通，套餐却比菜单标价多收了十元,否,否
R0424,停车场到云台观景台有无障碍坡道和休息座椅，带长辈出行比较方便。,正面,交通;设施,停车场到云台观景台有无障碍坡道和休息座椅，带长辈出行比较方便,否,否
R0425,南门的工作人员主动帮我们指路，还提醒了安全事项。,正面,服务,南门的工作人员主动帮我们指路，还提醒了安全事项,否,否
R0426,咨询山谷栈道怎么走时，工作人员一直低头玩手机，没有回应。,负面,服务,咨询山谷栈道怎么走时，工作人员一直低头玩手机，没有回应,否,否
R0427,周三下午入园只等了55分钟，检票安排比较顺畅。,正面,排队,周三下午入园只等了55分钟，检票安排比较顺畅,否,否
R0428,周三下午在南门排了70分钟，现场也没人说明原因。,负面,排队;服务,周三下午在南门排了70分钟，现场也没人说明原因,否,否
R0429,门票45元，包含接驳车和展馆，整体可以接受。,正面,价格,门票45元，包含接驳车和展馆，整体可以接受,否,否
R0430,门票45元还要另收摆渡车费，感觉价格不太合理。,负面,价格;交通,门票45元还要另收摆渡车费，感觉价格不太合理,否,否
R0431,山谷栈道附近没有垃圾，洗手间也很整洁。,正面,卫生,山谷栈道附近没有垃圾，洗手间也很整洁,否,否
R0432,洗手间有异味，垃圾桶旁边还有没清理的纸巾。,负面,卫生,洗手间有异味，垃圾桶旁边还有没清理的纸巾,否,否
R0433,景区里的竹筒饭热乎，分量也刚好，休息时吃得很舒服。,正面,餐饮,景区里的竹筒饭热乎，分量也刚好，休息时吃得很舒服,否,否
R0434,竹筒饭又冷又咸，价格还比门口餐馆高不少。,负面,餐饮;价格,竹筒饭又冷又咸，价格还比门口餐馆高不少,否,否
R0435,从地铁站出来有直达接驳车，到南门很省心。,正面,交通,从地铁站出来有直达接驳车，到南门很省心,否,否
R0436,返程接驳车间隔太久，最后只能步行很远去找公交。,负面,交通,返程接驳车间隔太久，最后只能步行很远去找公交,否,否
R0437,山谷栈道的栈道和座椅维护得不错，老人走起来也方便。,正面,设施,山谷栈道的栈道和座椅维护得不错，老人走起来也方便,否,否
R0438,观景台护栏松动，几个指示牌也褪色看不清。,负面,设施,观景台护栏松动，几个指示牌也褪色看不清,否,否
R0439,傍晚在山谷栈道看日落很开阔，照片比预想更有层次。,正面,景色,傍晚在山谷栈道看日落很开阔，照片比预想更有层次,否,否
R0440,当天大雾，山谷栈道几乎看不见远处，体验只能说一般。,中性,景色,当天大雾，山谷栈道几乎看不见远处，体验只能说一般,是,否
R0441,宣传图里的花海面积很大，实际只有入口一小片，落差明显。,负面,宣传,宣传图里的花海面积很大，实际只有入口一小片，落差明显,否,否
R0442,慢慢逛了半天，没有特别惊喜，也没有明显不舒服的地方。,中性,无明显问题,慢慢逛了半天，没有特别惊喜，也没有明显不舒服的地方,否,否
R0443,山谷栈道景色很好，但路边垃圾较多，工作人员清扫不及时。,中性,景色;卫生;服务,山谷栈道景色很好，但路边垃圾较多，工作人员清扫不及时,是,否
R0444,门票不贵，不过南门排队太久，进园后心情已经受影响。,中性,价格;排队,门票不贵，不过南门排队太久，进园后心情已经受影响,是,否
R0445,真有效率，在南门晒了半小时，工作人员一直让我们再等等。,负面,排队;服务,真有效率，在南门晒了半小时，工作人员一直让我们再等等,是,否
R0446,朋友说这里适合亲子游，我没有实际去过，暂时无法评价。,中性,其他,朋友说这里适合亲子游，我没有实际去过，暂时无法评价,是,否
R0447,竹筒饭味道普通，套餐却比菜单标价多收了十元。,负面,餐饮;价格,竹筒饭味道普通，套餐却比菜单标价多收了十元,否,否
R0448,停车场到山谷栈道有无障碍坡道和休息座椅，带长辈出行比较方便。,正面,交通;设施,停车场到山谷栈道有无障碍坡道和休息座椅，带长辈出行比较方便,否,否
R0449,游客中心的工作人员主动帮我们指路，还提醒了安全事项。,正面,服务,游客中心的工作人员主动帮我们指路，还提醒了安全事项,否,否
R0450,咨询湖心步道怎么走时，工作人员一直低头玩手机，没有回应。,负面,服务,咨询湖心步道怎么走时，工作人员一直低头玩手机，没有回应,否,否
R0451,周五傍晚入园只等了65分钟，检票安排比较顺畅。,正面,排队,周五傍晚入园只等了65分钟，检票安排比较顺畅,否,否
R0452,周五傍晚在游客中心排了90分钟，现场也没人说明原因。,负面,排队;服务,周五傍晚在游客中心排了90分钟，现场也没人说明原因,否,否
R0453,门票60元，包含接驳车和展馆，整体可以接受。,正面,价格,门票60元，包含接驳车和展馆，整体可以接受,否,否
R0454,门票60元还要另收摆渡车费，感觉价格不太合理。,负面,价格;交通,门票60元还要另收摆渡车费，感觉价格不太合理,否,否
R0455,湖心步道附近没有垃圾，洗手间也很整洁。,正面,卫生,湖心步道附近没有垃圾，洗手间也很整洁,否,否
R0456,洗手间有异味，垃圾桶旁边还有没清理的纸巾。,负面,卫生,洗手间有异味，垃圾桶旁边还有没清理的纸巾,否,否
R0457,景区里的热汤面热乎，分量也刚好，休息时吃得很舒服。,正面,餐饮,景区里的热汤面热乎，分量也刚好，休息时吃得很舒服,否,否
R0458,热汤面又冷又咸，价格还比门口餐馆高不少。,负面,餐饮;价格,热汤面又冷又咸，价格还比门口餐馆高不少,否,否
R0459,从地铁站出来有直达接驳车，到游客中心很省心。,正面,交通,从地铁站出来有直达接驳车，到游客中心很省心,否,否
R0460,返程接驳车间隔太久，最后只能步行很远去找公交。,负面,交通,返程接驳车间隔太久，最后只能步行很远去找公交,否,否
R0461,湖心步道的栈道和座椅维护得不错，老人走起来也方便。,正面,设施,湖心步道的栈道和座椅维护得不错，老人走起来也方便,否,否
R0462,观景台护栏松动，几个指示牌也褪色看不清。,负面,设施,观景台护栏松动，几个指示牌也褪色看不清,否,否
R0463,傍晚在湖心步道看日落很开阔，照片比预想更有层次。,正面,景色,傍晚在湖心步道看日落很开阔，照片比预想更有层次,否,否
R0464,当天大雾，湖心步道几乎看不见远处，体验只能说一般。,中性,景色,当天大雾，湖心步道几乎看不见远处，体验只能说一般,是,否
R0465,宣传图里的花海面积很大，实际只有入口一小片，落差明显。,负面,宣传,宣传图里的花海面积很大，实际只有入口一小片，落差明显,否,否
R0466,慢慢逛了半天，没有特别惊喜，也没有明显不舒服的地方。,中性,无明显问题,慢慢逛了半天，没有特别惊喜，也没有明显不舒服的地方,否,否
R0467,湖心步道景色很好，但路边垃圾较多，工作人员清扫不及时。,中性,景色;卫生;服务,湖心步道景色很好，但路边垃圾较多，工作人员清扫不及时,是,否
R0468,门票不贵，不过游客中心排队太久，进园后心情已经受影响。,中性,价格;排队,门票不贵，不过游客中心排队太久，进园后心情已经受影响,是,否
R0469,真有效率，在游客中心晒了半小时，工作人员一直让我们再等等。,负面,排队;服务,真有效率，在游客中心晒了半小时，工作人员一直让我们再等等,是,否
R0470,朋友说这里适合亲子游，我没有实际去过，暂时无法评价。,中性,其他,朋友说这里适合亲子游，我没有实际去过，暂时无法评价,是,否
R0471,热汤面味道普通，套餐却比菜单标价多收了十元。,负面,餐饮;价格,热汤面味道普通，套餐却比菜单标价多收了十元,否,否
R0472,停车场到湖心步道有无障碍坡道和休息座椅，带长辈出行比较方便。,正面,交通;设施,停车场到湖心步道有无障碍坡道和休息座椅，带长辈出行比较方便,否,否
R0473,索道口的工作人员主动帮我们指路，还提醒了安全事项。,正面,服务,索道口的工作人员主动帮我们指路，还提醒了安全事项,否,否
R0474,咨询古城墙怎么走时，工作人员一直低头玩手机，没有回应。,负面,服务,咨询古城墙怎么走时，工作人员一直低头玩手机，没有回应,否,否
R0475,周六上午入园只等了15分钟，检票安排比较顺畅。,正面,排队,周六上午入园只等了15分钟，检票安排比较顺畅,否,否
R0476,周六上午在索道口排了110分钟，现场也没人说明原因。,负面,排队;服务,周六上午在索道口排了110分钟，现场也没人说明原因,否,否
R0477,门票75元，包含接驳车和展馆，整体可以接受。,正面,价格,门票75元，包含接驳车和展馆，整体可以接受,否,否
R0478,门票75元还要另收摆渡车费，感觉价格不太合理。,负面,价格;交通,门票75元还要另收摆渡车费，感觉价格不太合理,否,否
R0479,古城墙附近没有垃圾，洗手间也很整洁。,正面,卫生,古城墙附近没有垃圾，洗手间也很整洁,否,否
R0480,洗手间有异味，垃圾桶旁边还有没清理的纸巾。,负面,卫生,洗手间有异味，垃圾桶旁边还有没清理的纸巾,否,否
R0481,景区里的本地小吃热乎，分量也刚好，休息时吃得很舒服。,正面,餐饮,景区里的本地小吃热乎，分量也刚好，休息时吃得很舒服,否,否
R0482,本地小吃又冷又咸，价格还比门口餐馆高不少。,负面,餐饮;价格,本地小吃又冷又咸，价格还比门口餐馆高不少,否,否
R0483,从地铁站出来有直达接驳车，到索道口很省心。,正面,交通,从地铁站出来有直达接驳车，到索道口很省心,否,否
R0484,返程接驳车间隔太久，最后只能步行很远去找公交。,负面,交通,返程接驳车间隔太久，最后只能步行很远去找公交,否,否
R0485,古城墙的栈道和座椅维护得不错，老人走起来也方便。,正面,设施,古城墙的栈道和座椅维护得不错，老人走起来也方便,否,否
R0486,观景台护栏松动，几个指示牌也褪色看不清。,负面,设施,观景台护栏松动，几个指示牌也褪色看不清,否,否
R0487,傍晚在古城墙看日落很开阔，照片比预想更有层次。,正面,景色,傍晚在古城墙看日落很开阔，照片比预想更有层次,否,否
R0488,当天大雾，古城墙几乎看不见远处，体验只能说一般。,中性,景色,当天大雾，古城墙几乎看不见远处，体验只能说一般,是,否
R0489,宣传图里的花海面积很大，实际只有入口一小片，落差明显。,负面,宣传,宣传图里的花海面积很大，实际只有入口一小片，落差明显,否,否
R0490,慢慢逛了半天，没有特别惊喜，也没有明显不舒服的地方。,中性,无明显问题,慢慢逛了半天，没有特别惊喜，也没有明显不舒服的地方,否,否
R0491,古城墙景色很好，但路边垃圾较多，工作人员清扫不及时。,中性,景色;卫生;服务,古城墙景色很好，但路边垃圾较多，工作人员清扫不及时,是,否
R0492,门票不贵，不过索道口排队太久，进园后心情已经受影响。,中性,价格;排队,门票不贵，不过索道口排队太久，进园后心情已经受影响,是,否
R0493,真有效率，在索道口晒了半小时，工作人员一直让我们再等等。,负面,排队;服务,真有效率，在索道口晒了半小时，工作人员一直让我们再等等,是,否
R0494,朋友说这里适合亲子游，我没有实际去过，暂时无法评价。,中性,其他,朋友说这里适合亲子游，我没有实际去过，暂时无法评价,是,否
R0495,本地小吃味道普通，套餐却比菜单标价多收了十元。,负面,餐饮;价格,本地小吃味道普通，套餐却比菜单标价多收了十元,否,否
R0496,停车场到古城墙有无障碍坡道和休息座椅，带长辈出行比较方便。,正面,交通;设施,停车场到古城墙有无障碍坡道和休息座椅，带长辈出行比较方便,否,否
R0497,湖边入口的工作人员主动帮我们指路，还提醒了安全事项。,正面,服务,湖边入口的工作人员主动帮我们指路，还提醒了安全事项,否,否
R0498,咨询森林小径怎么走时，工作人员一直低头玩手机，没有回应。,负面,服务,咨询森林小径怎么走时，工作人员一直低头玩手机，没有回应,否,否
R0499,节假日早上入园只等了25分钟，检票安排比较顺畅。,正面,排队,节假日早上入园只等了25分钟，检票安排比较顺畅,否,否
R0500,节假日早上在湖边入口排了130分钟，现场也没人说明原因。,负面,排队;服务,节假日早上在湖边入口排了130分钟，现场也没人说明原因,否,否
R0501,门票90元，包含接驳车和展馆，整体可以接受。,正面,价格,门票90元，包含接驳车和展馆，整体可以接受,否,否
R0502,门票90元还要另收摆渡车费，感觉价格不太合理。,负面,价格;交通,门票90元还要另收摆渡车费，感觉价格不太合理,否,否
R0503,森林小径附近没有垃圾，洗手间也很整洁。,正面,卫生,森林小径附近没有垃圾，洗手间也很整洁,否,否
R0504,洗手间有异味，垃圾桶旁边还有没清理的纸巾。,负面,卫生,洗手间有异味，垃圾桶旁边还有没清理的纸巾,否,否
R0505,景区里的简餐热乎，分量也刚好，休息时吃得很舒服。,正面,餐饮,景区里的简餐热乎，分量也刚好，休息时吃得很舒服,否,否
R0506,简餐又冷又咸，价格还比门口餐馆高不少。,负面,餐饮;价格,简餐又冷又咸，价格还比门口餐馆高不少,否,否
R0507,从地铁站出来有直达接驳车，到湖边入口很省心。,正面,交通,从地铁站出来有直达接驳车，到湖边入口很省心,否,否
R0508,返程接驳车间隔太久，最后只能步行很远去找公交。,负面,交通,返程接驳车间隔太久，最后只能步行很远去找公交,否,否
R0509,森林小径的栈道和座椅维护得不错，老人走起来也方便。,正面,设施,森林小径的栈道和座椅维护得不错，老人走起来也方便,否,否
R0510,观景台护栏松动，几个指示牌也褪色看不清。,负面,设施,观景台护栏松动，几个指示牌也褪色看不清,否,否
R0511,傍晚在森林小径看日落很开阔，照片比预想更有层次。,正面,景色,傍晚在森林小径看日落很开阔，照片比预想更有层次,否,否
R0512,当天大雾，森林小径几乎看不见远处，体验只能说一般。,中性,景色,当天大雾，森林小径几乎看不见远处，体验只能说一般,是,否
R0513,宣传图里的花海面积很大，实际只有入口一小片，落差明显。,负面,宣传,宣传图里的花海面积很大，实际只有入口一小片，落差明显,否,否
R0514,慢慢逛了半天，没有特别惊喜，也没有明显不舒服的地方。,中性,无明显问题,慢慢逛了半天，没有特别惊喜，也没有明显不舒服的地方,否,否
R0515,森林小径景色很好，但路边垃圾较多，工作人员清扫不及时。,中性,景色;卫生;服务,森林小径景色很好，但路边垃圾较多，工作人员清扫不及时,是,否
R0516,门票不贵，不过湖边入口排队太久，进园后心情已经受影响。,中性,价格;排队,门票不贵，不过湖边入口排队太久，进园后心情已经受影响,是,否
R0517,真有效率，在湖边入口晒了半小时，工作人员一直让我们再等等。,负面,排队;服务,真有效率，在湖边入口晒了半小时，工作人员一直让我们再等等,是,否
R0518,朋友说这里适合亲子游，我没有实际去过，暂时无法评价。,中性,其他,朋友说这里适合亲子游，我没有实际去过，暂时无法评价,是,否
R0519,简餐味道普通，套餐却比菜单标价多收了十元。,负面,餐饮;价格,简餐味道普通，套餐却比菜单标价多收了十元,否,否
R0520,停车场到森林小径有无障碍坡道和休息座椅，带长辈出行比较方便。,正面,交通;设施,停车场到森林小径有无障碍坡道和休息座椅，带长辈出行比较方便,否,否
R0521,东门的工作人员主动帮我们指路，还提醒了安全事项。,正面,服务,东门的工作人员主动帮我们指路，还提醒了安全事项,否,否
R0522,咨询云台观景台怎么走时，工作人员一直低头玩手机，没有回应。,负面,服务,咨询云台观景台怎么走时，工作人员一直低头玩手机，没有回应,否,否
R0523,周一上午入园只等了35分钟，检票安排比较顺畅。,正面,排队,周一上午入园只等了35分钟，检票安排比较顺畅,否,否
R0524,周一上午在东门排了50分钟，现场也没人说明原因。,负面,排队;服务,周一上午在东门排了50分钟，现场也没人说明原因,否,否
R0525,门票45元，包含接驳车和展馆，整体可以接受。,正面,价格,门票45元，包含接驳车和展馆，整体可以接受,否,否
R0526,门票45元还要另收摆渡车费，感觉价格不太合理。,负面,价格;交通,门票45元还要另收摆渡车费，感觉价格不太合理,否,否
R0527,云台观景台附近没有垃圾，洗手间也很整洁。,正面,卫生,云台观景台附近没有垃圾，洗手间也很整洁,否,否
R0528,洗手间有异味，垃圾桶旁边还有没清理的纸巾。,负面,卫生,洗手间有异味，垃圾桶旁边还有没清理的纸巾,否,否
R0529,景区里的菌菇面热乎，分量也刚好，休息时吃得很舒服。,正面,餐饮,景区里的菌菇面热乎，分量也刚好，休息时吃得很舒服,否,否
R0530,菌菇面又冷又咸，价格还比门口餐馆高不少。,负面,餐饮;价格,菌菇面又冷又咸，价格还比门口餐馆高不少,否,否
R0531,从地铁站出来有直达接驳车，到东门很省心。,正面,交通,从地铁站出来有直达接驳车，到东门很省心,否,否
R0532,返程接驳车间隔太久，最后只能步行很远去找公交。,负面,交通,返程接驳车间隔太久，最后只能步行很远去找公交,否,否
R0533,云台观景台的栈道和座椅维护得不错，老人走起来也方便。,正面,设施,云台观景台的栈道和座椅维护得不错，老人走起来也方便,否,否
R0534,观景台护栏松动，几个指示牌也褪色看不清。,负面,设施,观景台护栏松动，几个指示牌也褪色看不清,否,否
R0535,傍晚在云台观景台看日落很开阔，照片比预想更有层次。,正面,景色,傍晚在云台观景台看日落很开阔，照片比预想更有层次,否,否
R0536,当天大雾，云台观景台几乎看不见远处，体验只能说一般。,中性,景色,当天大雾，云台观景台几乎看不见远处，体验只能说一般,是,否
R0537,宣传图里的花海面积很大，实际只有入口一小片，落差明显。,负面,宣传,宣传图里的花海面积很大，实际只有入口一小片，落差明显,否,否
R0538,慢慢逛了半天，没有特别惊喜，也没有明显不舒服的地方。,中性,无明显问题,慢慢逛了半天，没有特别惊喜，也没有明显不舒服的地方,否,否
R0539,云台观景台景色很好，但路边垃圾较多，工作人员清扫不及时。,中性,景色;卫生;服务,云台观景台景色很好，但路边垃圾较多，工作人员清扫不及时,是,否
R0540,门票不贵，不过东门排队太久，进园后心情已经受影响。,中性,价格;排队,门票不贵，不过东门排队太久，进园后心情已经受影响,是,否
R0541,真有效率，在东门晒了半小时，工作人员一直让我们再等等。,负面,排队;服务,真有效率，在东门晒了半小时，工作人员一直让我们再等等,是,否
R0542,朋友说这里适合亲子游，我没有实际去过，暂时无法评价。,中性,其他,朋友说这里适合亲子游，我没有实际去过，暂时无法评价,是,否
R0543,菌菇面味道普通，套餐却比菜单标价多收了十元。,负面,餐饮;价格,菌菇面味道普通，套餐却比菜单标价多收了十元,否,否
R0544,停车场到云台观景台有无障碍坡道和休息座椅，带长辈出行比较方便。,正面,交通;设施,停车场到云台观景台有无障碍坡道和休息座椅，带长辈出行比较方便,否,否
R0545,南门的工作人员主动帮我们指路，还提醒了安全事项。,正面,服务,南门的工作人员主动帮我们指路，还提醒了安全事项,否,否
R0546,咨询山谷栈道怎么走时，工作人员一直低头玩手机，没有回应。,负面,服务,咨询山谷栈道怎么走时，工作人员一直低头玩手机，没有回应,否,否
R0547,周三下午入园只等了45分钟，检票安排比较顺畅。,正面,排队,周三下午入园只等了45分钟，检票安排比较顺畅,否,否
R0548,周三下午在南门排了70分钟，现场也没人说明原因。,负面,排队;服务,周三下午在南门排了70分钟，现场也没人说明原因,否,否
R0549,门票60元，包含接驳车和展馆，整体可以接受。,正面,价格,门票60元，包含接驳车和展馆，整体可以接受,否,否
R0550,门票60元还要另收摆渡车费，感觉价格不太合理。,负面,价格;交通,门票60元还要另收摆渡车费，感觉价格不太合理,否,否
R0551,山谷栈道附近没有垃圾，洗手间也很整洁。,正面,卫生,山谷栈道附近没有垃圾，洗手间也很整洁,否,否
R0552,洗手间有异味，垃圾桶旁边还有没清理的纸巾。,负面,卫生,洗手间有异味，垃圾桶旁边还有没清理的纸巾,否,否
R0553,景区里的竹筒饭热乎，分量也刚好，休息时吃得很舒服。,正面,餐饮,景区里的竹筒饭热乎，分量也刚好，休息时吃得很舒服,否,否
R0554,竹筒饭又冷又咸，价格还比门口餐馆高不少。,负面,餐饮;价格,竹筒饭又冷又咸，价格还比门口餐馆高不少,否,否
R0555,从地铁站出来有直达接驳车，到南门很省心。,正面,交通,从地铁站出来有直达接驳车，到南门很省心,否,否
R0556,返程接驳车间隔太久，最后只能步行很远去找公交。,负面,交通,返程接驳车间隔太久，最后只能步行很远去找公交,否,否
R0557,山谷栈道的栈道和座椅维护得不错，老人走起来也方便。,正面,设施,山谷栈道的栈道和座椅维护得不错，老人走起来也方便,否,否
R0558,观景台护栏松动，几个指示牌也褪色看不清。,负面,设施,观景台护栏松动，几个指示牌也褪色看不清,否,否
R0559,傍晚在山谷栈道看日落很开阔，照片比预想更有层次。,正面,景色,傍晚在山谷栈道看日落很开阔，照片比预想更有层次,否,否
R0560,当天大雾，山谷栈道几乎看不见远处，体验只能说一般。,中性,景色,当天大雾，山谷栈道几乎看不见远处，体验只能说一般,是,否
R0561,宣传图里的花海面积很大，实际只有入口一小片，落差明显。,负面,宣传,宣传图里的花海面积很大，实际只有入口一小片，落差明显,否,否
R0562,慢慢逛了半天，没有特别惊喜，也没有明显不舒服的地方。,中性,无明显问题,慢慢逛了半天，没有特别惊喜，也没有明显不舒服的地方,否,否
R0563,山谷栈道景色很好，但路边垃圾较多，工作人员清扫不及时。,中性,景色;卫生;服务,山谷栈道景色很好，但路边垃圾较多，工作人员清扫不及时,是,否
R0564,门票不贵，不过南门排队太久，进园后心情已经受影响。,中性,价格;排队,门票不贵，不过南门排队太久，进园后心情已经受影响,是,否
R0565,真有效率，在南门晒了半小时，工作人员一直让我们再等等。,负面,排队;服务,真有效率，在南门晒了半小时，工作人员一直让我们再等等,是,否
R0566,朋友说这里适合亲子游，我没有实际去过，暂时无法评价。,中性,其他,朋友说这里适合亲子游，我没有实际去过，暂时无法评价,是,否
R0567,竹筒饭味道普通，套餐却比菜单标价多收了十元。,负面,餐饮;价格,竹筒饭味道普通，套餐却比菜单标价多收了十元,否,否
R0568,停车场到山谷栈道有无障碍坡道和休息座椅，带长辈出行比较方便。,正面,交通;设施,停车场到山谷栈道有无障碍坡道和休息座椅，带长辈出行比较方便,否,否
R0569,游客中心的工作人员主动帮我们指路，还提醒了安全事项。,正面,服务,游客中心的工作人员主动帮我们指路，还提醒了安全事项,否,否
R0570,咨询湖心步道怎么走时，工作人员一直低头玩手机，没有回应。,负面,服务,咨询湖心步道怎么走时，工作人员一直低头玩手机，没有回应,否,否
R0571,周五傍晚入园只等了55分钟，检票安排比较顺畅。,正面,排队,周五傍晚入园只等了55分钟，检票安排比较顺畅,否,否
R0572,周五傍晚在游客中心排了90分钟，现场也没人说明原因。,负面,排队;服务,周五傍晚在游客中心排了90分钟，现场也没人说明原因,否,否
R0573,门票75元，包含接驳车和展馆，整体可以接受。,正面,价格,门票75元，包含接驳车和展馆，整体可以接受,否,否
R0574,门票75元还要另收摆渡车费，感觉价格不太合理。,负面,价格;交通,门票75元还要另收摆渡车费，感觉价格不太合理,否,否
R0575,湖心步道附近没有垃圾，洗手间也很整洁。,正面,卫生,湖心步道附近没有垃圾，洗手间也很整洁,否,否
R0576,洗手间有异味，垃圾桶旁边还有没清理的纸巾。,负面,卫生,洗手间有异味，垃圾桶旁边还有没清理的纸巾,否,否
R0577,景区里的热汤面热乎，分量也刚好，休息时吃得很舒服。,正面,餐饮,景区里的热汤面热乎，分量也刚好，休息时吃得很舒服,否,否
R0578,热汤面又冷又咸，价格还比门口餐馆高不少。,负面,餐饮;价格,热汤面又冷又咸，价格还比门口餐馆高不少,否,否
R0579,从地铁站出来有直达接驳车，到游客中心很省心。,正面,交通,从地铁站出来有直达接驳车，到游客中心很省心,否,否
R0580,返程接驳车间隔太久，最后只能步行很远去找公交。,负面,交通,返程接驳车间隔太久，最后只能步行很远去找公交,否,否
R0581,湖心步道的栈道和座椅维护得不错，老人走起来也方便。,正面,设施,湖心步道的栈道和座椅维护得不错，老人走起来也方便,否,否
R0582,观景台护栏松动，几个指示牌也褪色看不清。,负面,设施,观景台护栏松动，几个指示牌也褪色看不清,否,否
R0583,傍晚在湖心步道看日落很开阔，照片比预想更有层次。,正面,景色,傍晚在湖心步道看日落很开阔，照片比预想更有层次,否,否
R0584,当天大雾，湖心步道几乎看不见远处，体验只能说一般。,中性,景色,当天大雾，湖心步道几乎看不见远处，体验只能说一般,是,否
R0585,宣传图里的花海面积很大，实际只有入口一小片，落差明显。,负面,宣传,宣传图里的花海面积很大，实际只有入口一小片，落差明显,否,否
R0586,慢慢逛了半天，没有特别惊喜，也没有明显不舒服的地方。,中性,无明显问题,慢慢逛了半天，没有特别惊喜，也没有明显不舒服的地方,否,否
R0587,湖心步道景色很好，但路边垃圾较多，工作人员清扫不及时。,中性,景色;卫生;服务,湖心步道景色很好，但路边垃圾较多，工作人员清扫不及时,是,否
R0588,门票不贵，不过游客中心排队太久，进园后心情已经受影响。,中性,价格;排队,门票不贵，不过游客中心排队太久，进园后心情已经受影响,是,否
R0589,真有效率，在游客中心晒了半小时，工作人员一直让我们再等等。,负面,排队;服务,真有效率，在游客中心晒了半小时，工作人员一直让我们再等等,是,否
R0590,朋友说这里适合亲子游，我没有实际去过，暂时无法评价。,中性,其他,朋友说这里适合亲子游，我没有实际去过，暂时无法评价,是,否
R0591,热汤面味道普通，套餐却比菜单标价多收了十元。,负面,餐饮;价格,热汤面味道普通，套餐却比菜单标价多收了十元,否,否
R0592,停车场到湖心步道有无障碍坡道和休息座椅，带长辈出行比较方便。,正面,交通;设施,停车场到湖心步道有无障碍坡道和休息座椅，带长辈出行比较方便,否,否
R0593,索道口的工作人员主动帮我们指路，还提醒了安全事项。,正面,服务,索道口的工作人员主动帮我们指路，还提醒了安全事项,否,否
R0594,咨询古城墙怎么走时，工作人员一直低头玩手机，没有回应。,负面,服务,咨询古城墙怎么走时，工作人员一直低头玩手机，没有回应,否,否
R0595,周六上午入园只等了65分钟，检票安排比较顺畅。,正面,排队,周六上午入园只等了65分钟，检票安排比较顺畅,否,否
R0596,周六上午在索道口排了110分钟，现场也没人说明原因。,负面,排队;服务,周六上午在索道口排了110分钟，现场也没人说明原因,否,否
R0597,门票90元，包含接驳车和展馆，整体可以接受。,正面,价格,门票90元，包含接驳车和展馆，整体可以接受,否,否
R0598,门票90元还要另收摆渡车费，感觉价格不太合理。,负面,价格;交通,门票90元还要另收摆渡车费，感觉价格不太合理,否,否
R0599,古城墙附近没有垃圾，洗手间也很整洁。,正面,卫生,古城墙附近没有垃圾，洗手间也很整洁,否,否
R0600,洗手间有异味，垃圾桶旁边还有没清理的纸巾。,负面,卫生,洗手间有异味，垃圾桶旁边还有没清理的纸巾,否,否
R0601,景区里的本地小吃热乎，分量也刚好，休息时吃得很舒服。,正面,餐饮,景区里的本地小吃热乎，分量也刚好，休息时吃得很舒服,否,否
R0602,本地小吃又冷又咸，价格还比门口餐馆高不少。,负面,餐饮;价格,本地小吃又冷又咸，价格还比门口餐馆高不少,否,否
R0603,从地铁站出来有直达接驳车，到索道口很省心。,正面,交通,从地铁站出来有直达接驳车，到索道口很省心,否,否
R0604,返程接驳车间隔太久，最后只能步行很远去找公交。,负面,交通,返程接驳车间隔太久，最后只能步行很远去找公交,否,否
R0605,古城墙的栈道和座椅维护得不错，老人走起来也方便。,正面,设施,古城墙的栈道和座椅维护得不错，老人走起来也方便,否,否
R0606,观景台护栏松动，几个指示牌也褪色看不清。,负面,设施,观景台护栏松动，几个指示牌也褪色看不清,否,否
R0607,傍晚在古城墙看日落很开阔，照片比预想更有层次。,正面,景色,傍晚在古城墙看日落很开阔，照片比预想更有层次,否,否
R0608,当天大雾，古城墙几乎看不见远处，体验只能说一般。,中性,景色,当天大雾，古城墙几乎看不见远处，体验只能说一般,是,否
R0609,宣传图里的花海面积很大，实际只有入口一小片，落差明显。,负面,宣传,宣传图里的花海面积很大，实际只有入口一小片，落差明显,否,否
R0610,慢慢逛了半天，没有特别惊喜，也没有明显不舒服的地方。,中性,无明显问题,慢慢逛了半天，没有特别惊喜，也没有明显不舒服的地方,否,否
R0611,古城墙景色很好，但路边垃圾较多，工作人员清扫不及时。,中性,景色;卫生;服务,古城墙景色很好，但路边垃圾较多，工作人员清扫不及时,是,否
R0612,门票不贵，不过索道口排队太久，进园后心情已经受影响。,中性,价格;排队,门票不贵，不过索道口排队太久，进园后心情已经受影响,是,否
R0613,真有效率，在索道口晒了半小时，工作人员一直让我们再等等。,负面,排队;服务,真有效率，在索道口晒了半小时，工作人员一直让我们再等等,是,否
R0614,朋友说这里适合亲子游，我没有实际去过，暂时无法评价。,中性,其他,朋友说这里适合亲子游，我没有实际去过，暂时无法评价,是,否
R0615,本地小吃味道普通，套餐却比菜单标价多收了十元。,负面,餐饮;价格,本地小吃味道普通，套餐却比菜单标价多收了十元,否,否
R0616,停车场到古城墙有无障碍坡道和休息座椅，带长辈出行比较方便。,正面,交通;设施,停车场到古城墙有无障碍坡道和休息座椅，带长辈出行比较方便,否,否
R0617,湖边入口的工作人员主动帮我们指路，还提醒了安全事项。,正面,服务,湖边入口的工作人员主动帮我们指路，还提醒了安全事项,否,否
R0618,咨询森林小径怎么走时，工作人员一直低头玩手机，没有回应。,负面,服务,咨询森林小径怎么走时，工作人员一直低头玩手机，没有回应,否,否
R0619,节假日早上入园只等了15分钟，检票安排比较顺畅。,正面,排队,节假日早上入园只等了15分钟，检票安排比较顺畅,否,否
R0620,节假日早上在湖边入口排了130分钟，现场也没人说明原因。,负面,排队;服务,节假日早上在湖边入口排了130分钟，现场也没人说明原因,否,否
R0621,门票45元，包含接驳车和展馆，整体可以接受。,正面,价格,门票45元，包含接驳车和展馆，整体可以接受,否,否
R0622,门票45元还要另收摆渡车费，感觉价格不太合理。,负面,价格;交通,门票45元还要另收摆渡车费，感觉价格不太合理,否,否
R0623,森林小径附近没有垃圾，洗手间也很整洁。,正面,卫生,森林小径附近没有垃圾，洗手间也很整洁,否,否
R0624,洗手间有异味，垃圾桶旁边还有没清理的纸巾。,负面,卫生,洗手间有异味，垃圾桶旁边还有没清理的纸巾,否,否
R0625,景区里的简餐热乎，分量也刚好，休息时吃得很舒服。,正面,餐饮,景区里的简餐热乎，分量也刚好，休息时吃得很舒服,否,否
R0626,简餐又冷又咸，价格还比门口餐馆高不少。,负面,餐饮;价格,简餐又冷又咸，价格还比门口餐馆高不少,否,否
R0627,从地铁站出来有直达接驳车，到湖边入口很省心。,正面,交通,从地铁站出来有直达接驳车，到湖边入口很省心,否,否
R0628,返程接驳车间隔太久，最后只能步行很远去找公交。,负面,交通,返程接驳车间隔太久，最后只能步行很远去找公交,否,否
R0629,森林小径的栈道和座椅维护得不错，老人走起来也方便。,正面,设施,森林小径的栈道和座椅维护得不错，老人走起来也方便,否,否
R0630,观景台护栏松动，几个指示牌也褪色看不清。,负面,设施,观景台护栏松动，几个指示牌也褪色看不清,否,否
R0631,傍晚在森林小径看日落很开阔，照片比预想更有层次。,正面,景色,傍晚在森林小径看日落很开阔，照片比预想更有层次,否,否
R0632,当天大雾，森林小径几乎看不见远处，体验只能说一般。,中性,景色,当天大雾，森林小径几乎看不见远处，体验只能说一般,是,否
R0633,宣传图里的花海面积很大，实际只有入口一小片，落差明显。,负面,宣传,宣传图里的花海面积很大，实际只有入口一小片，落差明显,否,否
R0634,慢慢逛了半天，没有特别惊喜，也没有明显不舒服的地方。,中性,无明显问题,慢慢逛了半天，没有特别惊喜，也没有明显不舒服的地方,否,否
R0635,森林小径景色很好，但路边垃圾较多，工作人员清扫不及时。,中性,景色;卫生;服务,森林小径景色很好，但路边垃圾较多，工作人员清扫不及时,是,否
R0636,门票不贵，不过湖边入口排队太久，进园后心情已经受影响。,中性,价格;排队,门票不贵，不过湖边入口排队太久，进园后心情已经受影响,是,否
R0637,真有效率，在湖边入口晒了半小时，工作人员一直让我们再等等。,负面,排队;服务,真有效率，在湖边入口晒了半小时，工作人员一直让我们再等等,是,否
R0638,朋友说这里适合亲子游，我没有实际去过，暂时无法评价。,中性,其他,朋友说这里适合亲子游，我没有实际去过，暂时无法评价,是,否
R0639,简餐味道普通，套餐却比菜单标价多收了十元。,负面,餐饮;价格,简餐味道普通，套餐却比菜单标价多收了十元,否,否
R0640,停车场到森林小径有无障碍坡道和休息座椅，带长辈出行比较方便。,正面,交通;设施,停车场到森林小径有无障碍坡道和休息座椅，带长辈出行比较方便,否,否
R0641,东门的工作人员主动帮我们指路，还提醒了安全事项。,正面,服务,东门的工作人员主动帮我们指路，还提醒了安全事项,否,否
R0642,咨询云台观景台怎么走时，工作人员一直低头玩手机，没有回应。,负面,服务,咨询云台观景台怎么走时，工作人员一直低头玩手机，没有回应,否,否
R0643,周一上午入园只等了25分钟，检票安排比较顺畅。,正面,排队,周一上午入园只等了25分钟，检票安排比较顺畅,否,否
R0644,周一上午在东门排了50分钟，现场也没人说明原因。,负面,排队;服务,周一上午在东门排了50分钟，现场也没人说明原因,否,否
R0645,门票60元，包含接驳车和展馆，整体可以接受。,正面,价格,门票60元，包含接驳车和展馆，整体可以接受,否,否
R0646,门票60元还要另收摆渡车费，感觉价格不太合理。,负面,价格;交通,门票60元还要另收摆渡车费，感觉价格不太合理,否,否
R0647,云台观景台附近没有垃圾，洗手间也很整洁。,正面,卫生,云台观景台附近没有垃圾，洗手间也很整洁,否,否
R0648,洗手间有异味，垃圾桶旁边还有没清理的纸巾。,负面,卫生,洗手间有异味，垃圾桶旁边还有没清理的纸巾,否,否
R0649,景区里的菌菇面热乎，分量也刚好，休息时吃得很舒服。,正面,餐饮,景区里的菌菇面热乎，分量也刚好，休息时吃得很舒服,否,否
R0650,菌菇面又冷又咸，价格还比门口餐馆高不少。,负面,餐饮;价格,菌菇面又冷又咸，价格还比门口餐馆高不少,否,否
R0651,从地铁站出来有直达接驳车，到东门很省心。,正面,交通,从地铁站出来有直达接驳车，到东门很省心,否,否
R0652,返程接驳车间隔太久，最后只能步行很远去找公交。,负面,交通,返程接驳车间隔太久，最后只能步行很远去找公交,否,否
R0653,云台观景台的栈道和座椅维护得不错，老人走起来也方便。,正面,设施,云台观景台的栈道和座椅维护得不错，老人走起来也方便,否,否
R0654,观景台护栏松动，几个指示牌也褪色看不清。,负面,设施,观景台护栏松动，几个指示牌也褪色看不清,否,否
R0655,傍晚在云台观景台看日落很开阔，照片比预想更有层次。,正面,景色,傍晚在云台观景台看日落很开阔，照片比预想更有层次,否,否
R0656,当天大雾，云台观景台几乎看不见远处，体验只能说一般。,中性,景色,当天大雾，云台观景台几乎看不见远处，体验只能说一般,是,否
R0657,宣传图里的花海面积很大，实际只有入口一小片，落差明显。,负面,宣传,宣传图里的花海面积很大，实际只有入口一小片，落差明显,否,否
R0658,慢慢逛了半天，没有特别惊喜，也没有明显不舒服的地方。,中性,无明显问题,慢慢逛了半天，没有特别惊喜，也没有明显不舒服的地方,否,否
R0659,云台观景台景色很好，但路边垃圾较多，工作人员清扫不及时。,中性,景色;卫生;服务,云台观景台景色很好，但路边垃圾较多，工作人员清扫不及时,是,否
R0660,门票不贵，不过东门排队太久，进园后心情已经受影响。,中性,价格;排队,门票不贵，不过东门排队太久，进园后心情已经受影响,是,否
R0661,真有效率，在东门晒了半小时，工作人员一直让我们再等等。,负面,排队;服务,真有效率，在东门晒了半小时，工作人员一直让我们再等等,是,否
R0662,朋友说这里适合亲子游，我没有实际去过，暂时无法评价。,中性,其他,朋友说这里适合亲子游，我没有实际去过，暂时无法评价,是,否
R0663,菌菇面味道普通，套餐却比菜单标价多收了十元。,负面,餐饮;价格,菌菇面味道普通，套餐却比菜单标价多收了十元,否,否
R0664,停车场到云台观景台有无障碍坡道和休息座椅，带长辈出行比较方便。,正面,交通;设施,停车场到云台观景台有无障碍坡道和休息座椅，带长辈出行比较方便,否,否
R0665,南门的工作人员主动帮我们指路，还提醒了安全事项。,正面,服务,南门的工作人员主动帮我们指路，还提醒了安全事项,否,否
R0666,咨询山谷栈道怎么走时，工作人员一直低头玩手机，没有回应。,负面,服务,咨询山谷栈道怎么走时，工作人员一直低头玩手机，没有回应,否,否
R0667,周三下午入园只等了35分钟，检票安排比较顺畅。,正面,排队,周三下午入园只等了35分钟，检票安排比较顺畅,否,否
R0668,周三下午在南门排了70分钟，现场也没人说明原因。,负面,排队;服务,周三下午在南门排了70分钟，现场也没人说明原因,否,否
R0669,门票75元，包含接驳车和展馆，整体可以接受。,正面,价格,门票75元，包含接驳车和展馆，整体可以接受,否,否
R0670,门票75元还要另收摆渡车费，感觉价格不太合理。,负面,价格;交通,门票75元还要另收摆渡车费，感觉价格不太合理,否,否
R0671,山谷栈道附近没有垃圾，洗手间也很整洁。,正面,卫生,山谷栈道附近没有垃圾，洗手间也很整洁,否,否
R0672,洗手间有异味，垃圾桶旁边还有没清理的纸巾。,负面,卫生,洗手间有异味，垃圾桶旁边还有没清理的纸巾,否,否
R0673,景区里的竹筒饭热乎，分量也刚好，休息时吃得很舒服。,正面,餐饮,景区里的竹筒饭热乎，分量也刚好，休息时吃得很舒服,否,否
R0674,竹筒饭又冷又咸，价格还比门口餐馆高不少。,负面,餐饮;价格,竹筒饭又冷又咸，价格还比门口餐馆高不少,否,否
R0675,从地铁站出来有直达接驳车，到南门很省心。,正面,交通,从地铁站出来有直达接驳车，到南门很省心,否,否
R0676,返程接驳车间隔太久，最后只能步行很远去找公交。,负面,交通,返程接驳车间隔太久，最后只能步行很远去找公交,否,否
R0677,山谷栈道的栈道和座椅维护得不错，老人走起来也方便。,正面,设施,山谷栈道的栈道和座椅维护得不错，老人走起来也方便,否,否
R0678,观景台护栏松动，几个指示牌也褪色看不清。,负面,设施,观景台护栏松动，几个指示牌也褪色看不清,否,否
R0679,傍晚在山谷栈道看日落很开阔，照片比预想更有层次。,正面,景色,傍晚在山谷栈道看日落很开阔，照片比预想更有层次,否,否
R0680,当天大雾，山谷栈道几乎看不见远处，体验只能说一般。,中性,景色,当天大雾，山谷栈道几乎看不见远处，体验只能说一般,是,否
R0681,宣传图里的花海面积很大，实际只有入口一小片，落差明显。,负面,宣传,宣传图里的花海面积很大，实际只有入口一小片，落差明显,否,否
R0682,慢慢逛了半天，没有特别惊喜，也没有明显不舒服的地方。,中性,无明显问题,慢慢逛了半天，没有特别惊喜，也没有明显不舒服的地方,否,否
R0683,山谷栈道景色很好，但路边垃圾较多，工作人员清扫不及时。,中性,景色;卫生;服务,山谷栈道景色很好，但路边垃圾较多，工作人员清扫不及时,是,否
R0684,门票不贵，不过南门排队太久，进园后心情已经受影响。,中性,价格;排队,门票不贵，不过南门排队太久，进园后心情已经受影响,是,否
R0685,真有效率，在南门晒了半小时，工作人员一直让我们再等等。,负面,排队;服务,真有效率，在南门晒了半小时，工作人员一直让我们再等等,是,否
R0686,朋友说这里适合亲子游，我没有实际去过，暂时无法评价。,中性,其他,朋友说这里适合亲子游，我没有实际去过，暂时无法评价,是,否
R0687,竹筒饭味道普通，套餐却比菜单标价多收了十元。,负面,餐饮;价格,竹筒饭味道普通，套餐却比菜单标价多收了十元,否,否
R0688,停车场到山谷栈道有无障碍坡道和休息座椅，带长辈出行比较方便。,正面,交通;设施,停车场到山谷栈道有无障碍坡道和休息座椅，带长辈出行比较方便,否,否
R0689,游客中心的工作人员主动帮我们指路，还提醒了安全事项。,正面,服务,游客中心的工作人员主动帮我们指路，还提醒了安全事项,否,否
R0690,咨询湖心步道怎么走时，工作人员一直低头玩手机，没有回应。,负面,服务,咨询湖心步道怎么走时，工作人员一直低头玩手机，没有回应,否,否
R0691,周五傍晚入园只等了45分钟，检票安排比较顺畅。,正面,排队,周五傍晚入园只等了45分钟，检票安排比较顺畅,否,否
R0692,周五傍晚在游客中心排了90分钟，现场也没人说明原因。,负面,排队;服务,周五傍晚在游客中心排了90分钟，现场也没人说明原因,否,否
R0693,门票90元，包含接驳车和展馆，整体可以接受。,正面,价格,门票90元，包含接驳车和展馆，整体可以接受,否,否
R0694,门票90元还要另收摆渡车费，感觉价格不太合理。,负面,价格;交通,门票90元还要另收摆渡车费，感觉价格不太合理,否,否
R0695,湖心步道附近没有垃圾，洗手间也很整洁。,正面,卫生,湖心步道附近没有垃圾，洗手间也很整洁,否,否
R0696,洗手间有异味，垃圾桶旁边还有没清理的纸巾。,负面,卫生,洗手间有异味，垃圾桶旁边还有没清理的纸巾,否,否
R0697,景区里的热汤面热乎，分量也刚好，休息时吃得很舒服。,正面,餐饮,景区里的热汤面热乎，分量也刚好，休息时吃得很舒服,否,否
R0698,热汤面又冷又咸，价格还比门口餐馆高不少。,负面,餐饮;价格,热汤面又冷又咸，价格还比门口餐馆高不少,否,否
R0699,从地铁站出来有直达接驳车，到游客中心很省心。,正面,交通,从地铁站出来有直达接驳车，到游客中心很省心,否,否
R0700,返程接驳车间隔太久，最后只能步行很远去找公交。,负面,交通,返程接驳车间隔太久，最后只能步行很远去找公交,否,否
R0701,湖心步道的栈道和座椅维护得不错，老人走起来也方便。,正面,设施,湖心步道的栈道和座椅维护得不错，老人走起来也方便,否,否
R0702,观景台护栏松动，几个指示牌也褪色看不清。,负面,设施,观景台护栏松动，几个指示牌也褪色看不清,否,否
R0703,傍晚在湖心步道看日落很开阔，照片比预想更有层次。,正面,景色,傍晚在湖心步道看日落很开阔，照片比预想更有层次,否,否
R0704,当天大雾，湖心步道几乎看不见远处，体验只能说一般。,中性,景色,当天大雾，湖心步道几乎看不见远处，体验只能说一般,是,否
R0705,宣传图里的花海面积很大，实际只有入口一小片，落差明显。,负面,宣传,宣传图里的花海面积很大，实际只有入口一小片，落差明显,否,否
R0706,慢慢逛了半天，没有特别惊喜，也没有明显不舒服的地方。,中性,无明显问题,慢慢逛了半天，没有特别惊喜，也没有明显不舒服的地方,否,否
R0707,湖心步道景色很好，但路边垃圾较多，工作人员清扫不及时。,中性,景色;卫生;服务,湖心步道景色很好，但路边垃圾较多，工作人员清扫不及时,是,否
R0708,门票不贵，不过游客中心排队太久，进园后心情已经受影响。,中性,价格;排队,门票不贵，不过游客中心排队太久，进园后心情已经受影响,是,否
R0709,真有效率，在游客中心晒了半小时，工作人员一直让我们再等等。,负面,排队;服务,真有效率，在游客中心晒了半小时，工作人员一直让我们再等等,是,否
R0710,朋友说这里适合亲子游，我没有实际去过，暂时无法评价。,中性,其他,朋友说这里适合亲子游，我没有实际去过，暂时无法评价,是,否
R0711,热汤面味道普通，套餐却比菜单标价多收了十元。,负面,餐饮;价格,热汤面味道普通，套餐却比菜单标价多收了十元,否,否
R0712,停车场到湖心步道有无障碍坡道和休息座椅，带长辈出行比较方便。,正面,交通;设施,停车场到湖心步道有无障碍坡道和休息座椅，带长辈出行比较方便,否,否
R0713,索道口的工作人员主动帮我们指路，还提醒了安全事项。,正面,服务,索道口的工作人员主动帮我们指路，还提醒了安全事项,否,否
R0714,咨询古城墙怎么走时，工作人员一直低头玩手机，没有回应。,负面,服务,咨询古城墙怎么走时，工作人员一直低头玩手机，没有回应,否,否
R0715,周六上午入园只等了55分钟，检票安排比较顺畅。,正面,排队,周六上午入园只等了55分钟，检票安排比较顺畅,否,否
R0716,周六上午在索道口排了110分钟，现场也没人说明原因。,负面,排队;服务,周六上午在索道口排了110分钟，现场也没人说明原因,否,否
R0717,门票45元，包含接驳车和展馆，整体可以接受。,正面,价格,门票45元，包含接驳车和展馆，整体可以接受,否,否
R0718,门票45元还要另收摆渡车费，感觉价格不太合理。,负面,价格;交通,门票45元还要另收摆渡车费，感觉价格不太合理,否,否
R0719,古城墙附近没有垃圾，洗手间也很整洁。,正面,卫生,古城墙附近没有垃圾，洗手间也很整洁,否,否
R0720,洗手间有异味，垃圾桶旁边还有没清理的纸巾。,负面,卫生,洗手间有异味，垃圾桶旁边还有没清理的纸巾,否,否
R0721,景区里的本地小吃热乎，分量也刚好，休息时吃得很舒服。,正面,餐饮,景区里的本地小吃热乎，分量也刚好，休息时吃得很舒服,否,否
R0722,本地小吃又冷又咸，价格还比门口餐馆高不少。,负面,餐饮;价格,本地小吃又冷又咸，价格还比门口餐馆高不少,否,否
R0723,从地铁站出来有直达接驳车，到索道口很省心。,正面,交通,从地铁站出来有直达接驳车，到索道口很省心,否,否
R0724,返程接驳车间隔太久，最后只能步行很远去找公交。,负面,交通,返程接驳车间隔太久，最后只能步行很远去找公交,否,否
R0725,古城墙的栈道和座椅维护得不错，老人走起来也方便。,正面,设施,古城墙的栈道和座椅维护得不错，老人走起来也方便,否,否
R0726,观景台护栏松动，几个指示牌也褪色看不清。,负面,设施,观景台护栏松动，几个指示牌也褪色看不清,否,否
R0727,傍晚在古城墙看日落很开阔，照片比预想更有层次。,正面,景色,傍晚在古城墙看日落很开阔，照片比预想更有层次,否,否
R0728,当天大雾，古城墙几乎看不见远处，体验只能说一般。,中性,景色,当天大雾，古城墙几乎看不见远处，体验只能说一般,是,否
R0729,宣传图里的花海面积很大，实际只有入口一小片，落差明显。,负面,宣传,宣传图里的花海面积很大，实际只有入口一小片，落差明显,否,否
R0730,慢慢逛了半天，没有特别惊喜，也没有明显不舒服的地方。,中性,无明显问题,慢慢逛了半天，没有特别惊喜，也没有明显不舒服的地方,否,否
R0731,古城墙景色很好，但路边垃圾较多，工作人员清扫不及时。,中性,景色;卫生;服务,古城墙景色很好，但路边垃圾较多，工作人员清扫不及时,是,否
R0732,门票不贵，不过索道口排队太久，进园后心情已经受影响。,中性,价格;排队,门票不贵，不过索道口排队太久，进园后心情已经受影响,是,否
R0733,真有效率，在索道口晒了半小时，工作人员一直让我们再等等。,负面,排队;服务,真有效率，在索道口晒了半小时，工作人员一直让我们再等等,是,否
R0734,朋友说这里适合亲子游，我没有实际去过，暂时无法评价。,中性,其他,朋友说这里适合亲子游，我没有实际去过，暂时无法评价,是,否
R0735,本地小吃味道普通，套餐却比菜单标价多收了十元。,负面,餐饮;价格,本地小吃味道普通，套餐却比菜单标价多收了十元,否,否
R0736,停车场到古城墙有无障碍坡道和休息座椅，带长辈出行比较方便。,正面,交通;设施,停车场到古城墙有无障碍坡道和休息座椅，带长辈出行比较方便,否,否
R0737,湖边入口的工作人员主动帮我们指路，还提醒了安全事项。,正面,服务,湖边入口的工作人员主动帮我们指路，还提醒了安全事项,否,否
R0738,咨询森林小径怎么走时，工作人员一直低头玩手机，没有回应。,负面,服务,咨询森林小径怎么走时，工作人员一直低头玩手机，没有回应,否,否
R0739,节假日早上入园只等了65分钟，检票安排比较顺畅。,正面,排队,节假日早上入园只等了65分钟，检票安排比较顺畅,否,否
R0740,节假日早上在湖边入口排了130分钟，现场也没人说明原因。,负面,排队;服务,节假日早上在湖边入口排了130分钟，现场也没人说明原因,否,否
R0741,门票60元，包含接驳车和展馆，整体可以接受。,正面,价格,门票60元，包含接驳车和展馆，整体可以接受,否,否
R0742,门票60元还要另收摆渡车费，感觉价格不太合理。,负面,价格;交通,门票60元还要另收摆渡车费，感觉价格不太合理,否,否
R0743,森林小径附近没有垃圾，洗手间也很整洁。,正面,卫生,森林小径附近没有垃圾，洗手间也很整洁,否,否
R0744,洗手间有异味，垃圾桶旁边还有没清理的纸巾。,负面,卫生,洗手间有异味，垃圾桶旁边还有没清理的纸巾,否,否
R0745,景区里的简餐热乎，分量也刚好，休息时吃得很舒服。,正面,餐饮,景区里的简餐热乎，分量也刚好，休息时吃得很舒服,否,否
R0746,简餐又冷又咸，价格还比门口餐馆高不少。,负面,餐饮;价格,简餐又冷又咸，价格还比门口餐馆高不少,否,否
R0747,从地铁站出来有直达接驳车，到湖边入口很省心。,正面,交通,从地铁站出来有直达接驳车，到湖边入口很省心,否,否
R0748,返程接驳车间隔太久，最后只能步行很远去找公交。,负面,交通,返程接驳车间隔太久，最后只能步行很远去找公交,否,否
R0749,森林小径的栈道和座椅维护得不错，老人走起来也方便。,正面,设施,森林小径的栈道和座椅维护得不错，老人走起来也方便,否,否
R0750,观景台护栏松动，几个指示牌也褪色看不清。,负面,设施,观景台护栏松动，几个指示牌也褪色看不清,否,否
R0751,傍晚在森林小径看日落很开阔，照片比预想更有层次。,正面,景色,傍晚在森林小径看日落很开阔，照片比预想更有层次,否,否
R0752,当天大雾，森林小径几乎看不见远处，体验只能说一般。,中性,景色,当天大雾，森林小径几乎看不见远处，体验只能说一般,是,否
R0753,宣传图里的花海面积很大，实际只有入口一小片，落差明显。,负面,宣传,宣传图里的花海面积很大，实际只有入口一小片，落差明显,否,否
R0754,慢慢逛了半天，没有特别惊喜，也没有明显不舒服的地方。,中性,无明显问题,慢慢逛了半天，没有特别惊喜，也没有明显不舒服的地方,否,否
R0755,森林小径景色很好，但路边垃圾较多，工作人员清扫不及时。,中性,景色;卫生;服务,森林小径景色很好，但路边垃圾较多，工作人员清扫不及时,是,否
R0756,门票不贵，不过湖边入口排队太久，进园后心情已经受影响。,中性,价格;排队,门票不贵，不过湖边入口排队太久，进园后心情已经受影响,是,否
R0757,真有效率，在湖边入口晒了半小时，工作人员一直让我们再等等。,负面,排队;服务,真有效率，在湖边入口晒了半小时，工作人员一直让我们再等等,是,否
R0758,朋友说这里适合亲子游，我没有实际去过，暂时无法评价。,中性,其他,朋友说这里适合亲子游，我没有实际去过，暂时无法评价,是,否
R0759,简餐味道普通，套餐却比菜单标价多收了十元。,负面,餐饮;价格,简餐味道普通，套餐却比菜单标价多收了十元,否,否
R0760,停车场到森林小径有无障碍坡道和休息座椅，带长辈出行比较方便。,正面,交通;设施,停车场到森林小径有无障碍坡道和休息座椅，带长辈出行比较方便,否,否
R0761,东门的工作人员主动帮我们指路，还提醒了安全事项。,正面,服务,东门的工作人员主动帮我们指路，还提醒了安全事项,否,否
R0762,咨询云台观景台怎么走时，工作人员一直低头玩手机，没有回应。,负面,服务,咨询云台观景台怎么走时，工作人员一直低头玩手机，没有回应,否,否
R0763,周一上午入园只等了15分钟，检票安排比较顺畅。,正面,排队,周一上午入园只等了15分钟，检票安排比较顺畅,否,否
R0764,周一上午在东门排了50分钟，现场也没人说明原因。,负面,排队;服务,周一上午在东门排了50分钟，现场也没人说明原因,否,否
R0765,门票75元，包含接驳车和展馆，整体可以接受。,正面,价格,门票75元，包含接驳车和展馆，整体可以接受,否,否
R0766,门票75元还要另收摆渡车费，感觉价格不太合理。,负面,价格;交通,门票75元还要另收摆渡车费，感觉价格不太合理,否,否
R0767,云台观景台附近没有垃圾，洗手间也很整洁。,正面,卫生,云台观景台附近没有垃圾，洗手间也很整洁,否,否
R0768,洗手间有异味，垃圾桶旁边还有没清理的纸巾。,负面,卫生,洗手间有异味，垃圾桶旁边还有没清理的纸巾,否,否
R0769,景区里的菌菇面热乎，分量也刚好，休息时吃得很舒服。,正面,餐饮,景区里的菌菇面热乎，分量也刚好，休息时吃得很舒服,否,否
R0770,菌菇面又冷又咸，价格还比门口餐馆高不少。,负面,餐饮;价格,菌菇面又冷又咸，价格还比门口餐馆高不少,否,否
R0771,从地铁站出来有直达接驳车，到东门很省心。,正面,交通,从地铁站出来有直达接驳车，到东门很省心,否,否
R0772,返程接驳车间隔太久，最后只能步行很远去找公交。,负面,交通,返程接驳车间隔太久，最后只能步行很远去找公交,否,否
R0773,云台观景台的栈道和座椅维护得不错，老人走起来也方便。,正面,设施,云台观景台的栈道和座椅维护得不错，老人走起来也方便,否,否
R0774,观景台护栏松动，几个指示牌也褪色看不清。,负面,设施,观景台护栏松动，几个指示牌也褪色看不清,否,否
R0775,傍晚在云台观景台看日落很开阔，照片比预想更有层次。,正面,景色,傍晚在云台观景台看日落很开阔，照片比预想更有层次,否,否
R0776,当天大雾，云台观景台几乎看不见远处，体验只能说一般。,中性,景色,当天大雾，云台观景台几乎看不见远处，体验只能说一般,是,否
R0777,宣传图里的花海面积很大，实际只有入口一小片，落差明显。,负面,宣传,宣传图里的花海面积很大，实际只有入口一小片，落差明显,否,否
R0778,慢慢逛了半天，没有特别惊喜，也没有明显不舒服的地方。,中性,无明显问题,慢慢逛了半天，没有特别惊喜，也没有明显不舒服的地方,否,否
R0779,云台观景台景色很好，但路边垃圾较多，工作人员清扫不及时。,中性,景色;卫生;服务,云台观景台景色很好，但路边垃圾较多，工作人员清扫不及时,是,否
R0780,门票不贵，不过东门排队太久，进园后心情已经受影响。,中性,价格;排队,门票不贵，不过东门排队太久，进园后心情已经受影响,是,否
R0781,真有效率，在东门晒了半小时，工作人员一直让我们再等等。,负面,排队;服务,真有效率，在东门晒了半小时，工作人员一直让我们再等等,是,否
R0782,朋友说这里适合亲子游，我没有实际去过，暂时无法评价。,中性,其他,朋友说这里适合亲子游，我没有实际去过，暂时无法评价,是,否
R0783,菌菇面味道普通，套餐却比菜单标价多收了十元。,负面,餐饮;价格,菌菇面味道普通，套餐却比菜单标价多收了十元,否,否
R0784,停车场到云台观景台有无障碍坡道和休息座椅，带长辈出行比较方便。,正面,交通;设施,停车场到云台观景台有无障碍坡道和休息座椅，带长辈出行比较方便,否,否
R0785,南门的工作人员主动帮我们指路，还提醒了安全事项。,正面,服务,南门的工作人员主动帮我们指路，还提醒了安全事项,否,否
R0786,咨询山谷栈道怎么走时，工作人员一直低头玩手机，没有回应。,负面,服务,咨询山谷栈道怎么走时，工作人员一直低头玩手机，没有回应,否,否
R0787,周三下午入园只等了25分钟，检票安排比较顺畅。,正面,排队,周三下午入园只等了25分钟，检票安排比较顺畅,否,否
R0788,周三下午在南门排了70分钟，现场也没人说明原因。,负面,排队;服务,周三下午在南门排了70分钟，现场也没人说明原因,否,否
R0789,门票90元，包含接驳车和展馆，整体可以接受。,正面,价格,门票90元，包含接驳车和展馆，整体可以接受,否,否
R0790,门票90元还要另收摆渡车费，感觉价格不太合理。,负面,价格;交通,门票90元还要另收摆渡车费，感觉价格不太合理,否,否
R0791,山谷栈道附近没有垃圾，洗手间也很整洁。,正面,卫生,山谷栈道附近没有垃圾，洗手间也很整洁,否,否
R0792,洗手间有异味，垃圾桶旁边还有没清理的纸巾。,负面,卫生,洗手间有异味，垃圾桶旁边还有没清理的纸巾,否,否
R0793,景区里的竹筒饭热乎，分量也刚好，休息时吃得很舒服。,正面,餐饮,景区里的竹筒饭热乎，分量也刚好，休息时吃得很舒服,否,否
R0794,竹筒饭又冷又咸，价格还比门口餐馆高不少。,负面,餐饮;价格,竹筒饭又冷又咸，价格还比门口餐馆高不少,否,否
R0795,从地铁站出来有直达接驳车，到南门很省心。,正面,交通,从地铁站出来有直达接驳车，到南门很省心,否,否
R0796,返程接驳车间隔太久，最后只能步行很远去找公交。,负面,交通,返程接驳车间隔太久，最后只能步行很远去找公交,否,否
R0797,山谷栈道的栈道和座椅维护得不错，老人走起来也方便。,正面,设施,山谷栈道的栈道和座椅维护得不错，老人走起来也方便,否,否
R0798,观景台护栏松动，几个指示牌也褪色看不清。,负面,设施,观景台护栏松动，几个指示牌也褪色看不清,否,否
R0799,傍晚在山谷栈道看日落很开阔，照片比预想更有层次。,正面,景色,傍晚在山谷栈道看日落很开阔，照片比预想更有层次,否,否
R0800,当天大雾，山谷栈道几乎看不见远处，体验只能说一般。,中性,景色,当天大雾，山谷栈道几乎看不见远处，体验只能说一般,是,否
R0801,宣传图里的花海面积很大，实际只有入口一小片，落差明显。,负面,宣传,宣传图里的花海面积很大，实际只有入口一小片，落差明显,否,否
R0802,慢慢逛了半天，没有特别惊喜，也没有明显不舒服的地方。,中性,无明显问题,慢慢逛了半天，没有特别惊喜，也没有明显不舒服的地方,否,否
R0803,山谷栈道景色很好，但路边垃圾较多，工作人员清扫不及时。,中性,景色;卫生;服务,山谷栈道景色很好，但路边垃圾较多，工作人员清扫不及时,是,否
R0804,门票不贵，不过南门排队太久，进园后心情已经受影响。,中性,价格;排队,门票不贵，不过南门排队太久，进园后心情已经受影响,是,否
R0805,真有效率，在南门晒了半小时，工作人员一直让我们再等等。,负面,排队;服务,真有效率，在南门晒了半小时，工作人员一直让我们再等等,是,否
R0806,朋友说这里适合亲子游，我没有实际去过，暂时无法评价。,中性,其他,朋友说这里适合亲子游，我没有实际去过，暂时无法评价,是,否
R0807,竹筒饭味道普通，套餐却比菜单标价多收了十元。,负面,餐饮;价格,竹筒饭味道普通，套餐却比菜单标价多收了十元,否,否
R0808,停车场到山谷栈道有无障碍坡道和休息座椅，带长辈出行比较方便。,正面,交通;设施,停车场到山谷栈道有无障碍坡道和休息座椅，带长辈出行比较方便,否,否
R0809,游客中心的工作人员主动帮我们指路，还提醒了安全事项。,正面,服务,游客中心的工作人员主动帮我们指路，还提醒了安全事项,否,否
R0810,咨询湖心步道怎么走时，工作人员一直低头玩手机，没有回应。,负面,服务,咨询湖心步道怎么走时，工作人员一直低头玩手机，没有回应,否,否
R0811,周五傍晚入园只等了35分钟，检票安排比较顺畅。,正面,排队,周五傍晚入园只等了35分钟，检票安排比较顺畅,否,否
R0812,周五傍晚在游客中心排了90分钟，现场也没人说明原因。,负面,排队;服务,周五傍晚在游客中心排了90分钟，现场也没人说明原因,否,否
R0813,门票45元，包含接驳车和展馆，整体可以接受。,正面,价格,门票45元，包含接驳车和展馆，整体可以接受,否,否
R0814,门票45元还要另收摆渡车费，感觉价格不太合理。,负面,价格;交通,门票45元还要另收摆渡车费，感觉价格不太合理,否,否
R0815,湖心步道附近没有垃圾，洗手间也很整洁。,正面,卫生,湖心步道附近没有垃圾，洗手间也很整洁,否,否
R0816,洗手间有异味，垃圾桶旁边还有没清理的纸巾。,负面,卫生,洗手间有异味，垃圾桶旁边还有没清理的纸巾,否,否
R0817,景区里的热汤面热乎，分量也刚好，休息时吃得很舒服。,正面,餐饮,景区里的热汤面热乎，分量也刚好，休息时吃得很舒服,否,否
R0818,热汤面又冷又咸，价格还比门口餐馆高不少。,负面,餐饮;价格,热汤面又冷又咸，价格还比门口餐馆高不少,否,否
R0819,从地铁站出来有直达接驳车，到游客中心很省心。,正面,交通,从地铁站出来有直达接驳车，到游客中心很省心,否,否
R0820,返程接驳车间隔太久，最后只能步行很远去找公交。,负面,交通,返程接驳车间隔太久，最后只能步行很远去找公交,否,否
R0821,湖心步道的栈道和座椅维护得不错，老人走起来也方便。,正面,设施,湖心步道的栈道和座椅维护得不错，老人走起来也方便,否,否
R0822,观景台护栏松动，几个指示牌也褪色看不清。,负面,设施,观景台护栏松动，几个指示牌也褪色看不清,否,否
R0823,傍晚在湖心步道看日落很开阔，照片比预想更有层次。,正面,景色,傍晚在湖心步道看日落很开阔，照片比预想更有层次,否,否
R0824,当天大雾，湖心步道几乎看不见远处，体验只能说一般。,中性,景色,当天大雾，湖心步道几乎看不见远处，体验只能说一般,是,否
R0825,宣传图里的花海面积很大，实际只有入口一小片，落差明显。,负面,宣传,宣传图里的花海面积很大，实际只有入口一小片，落差明显,否,否
R0826,慢慢逛了半天，没有特别惊喜，也没有明显不舒服的地方。,中性,无明显问题,慢慢逛了半天，没有特别惊喜，也没有明显不舒服的地方,否,否
R0827,湖心步道景色很好，但路边垃圾较多，工作人员清扫不及时。,中性,景色;卫生;服务,湖心步道景色很好，但路边垃圾较多，工作人员清扫不及时,是,否
R0828,门票不贵，不过游客中心排队太久，进园后心情已经受影响。,中性,价格;排队,门票不贵，不过游客中心排队太久，进园后心情已经受影响,是,否
R0829,真有效率，在游客中心晒了半小时，工作人员一直让我们再等等。,负面,排队;服务,真有效率，在游客中心晒了半小时，工作人员一直让我们再等等,是,否
R0830,朋友说这里适合亲子游，我没有实际去过，暂时无法评价。,中性,其他,朋友说这里适合亲子游，我没有实际去过，暂时无法评价,是,否
R0831,热汤面味道普通，套餐却比菜单标价多收了十元。,负面,餐饮;价格,热汤面味道普通，套餐却比菜单标价多收了十元,否,否
R0832,停车场到湖心步道有无障碍坡道和休息座椅，带长辈出行比较方便。,正面,交通;设施,停车场到湖心步道有无障碍坡道和休息座椅，带长辈出行比较方便,否,否
R0833,索道口的工作人员主动帮我们指路，还提醒了安全事项。,正面,服务,索道口的工作人员主动帮我们指路，还提醒了安全事项,否,否
R0834,咨询古城墙怎么走时，工作人员一直低头玩手机，没有回应。,负面,服务,咨询古城墙怎么走时，工作人员一直低头玩手机，没有回应,否,否
R0835,周六上午入园只等了45分钟，检票安排比较顺畅。,正面,排队,周六上午入园只等了45分钟，检票安排比较顺畅,否,否
R0836,周六上午在索道口排了110分钟，现场也没人说明原因。,负面,排队;服务,周六上午在索道口排了110分钟，现场也没人说明原因,否,否
R0837,门票60元，包含接驳车和展馆，整体可以接受。,正面,价格,门票60元，包含接驳车和展馆，整体可以接受,否,否
R0838,门票60元还要另收摆渡车费，感觉价格不太合理。,负面,价格;交通,门票60元还要另收摆渡车费，感觉价格不太合理,否,否
R0839,古城墙附近没有垃圾，洗手间也很整洁。,正面,卫生,古城墙附近没有垃圾，洗手间也很整洁,否,否
R0840,洗手间有异味，垃圾桶旁边还有没清理的纸巾。,负面,卫生,洗手间有异味，垃圾桶旁边还有没清理的纸巾,否,否
R0841,景区里的本地小吃热乎，分量也刚好，休息时吃得很舒服。,正面,餐饮,景区里的本地小吃热乎，分量也刚好，休息时吃得很舒服,否,否
R0842,本地小吃又冷又咸，价格还比门口餐馆高不少。,负面,餐饮;价格,本地小吃又冷又咸，价格还比门口餐馆高不少,否,否
R0843,从地铁站出来有直达接驳车，到索道口很省心。,正面,交通,从地铁站出来有直达接驳车，到索道口很省心,否,否
R0844,返程接驳车间隔太久，最后只能步行很远去找公交。,负面,交通,返程接驳车间隔太久，最后只能步行很远去找公交,否,否
R0845,古城墙的栈道和座椅维护得不错，老人走起来也方便。,正面,设施,古城墙的栈道和座椅维护得不错，老人走起来也方便,否,否
R0846,观景台护栏松动，几个指示牌也褪色看不清。,负面,设施,观景台护栏松动，几个指示牌也褪色看不清,否,否
R0847,傍晚在古城墙看日落很开阔，照片比预想更有层次。,正面,景色,傍晚在古城墙看日落很开阔，照片比预想更有层次,否,否
R0848,当天大雾，古城墙几乎看不见远处，体验只能说一般。,中性,景色,当天大雾，古城墙几乎看不见远处，体验只能说一般,是,否
R0849,宣传图里的花海面积很大，实际只有入口一小片，落差明显。,负面,宣传,宣传图里的花海面积很大，实际只有入口一小片，落差明显,否,否
R0850,慢慢逛了半天，没有特别惊喜，也没有明显不舒服的地方。,中性,无明显问题,慢慢逛了半天，没有特别惊喜，也没有明显不舒服的地方,否,否
R0851,古城墙景色很好，但路边垃圾较多，工作人员清扫不及时。,中性,景色;卫生;服务,古城墙景色很好，但路边垃圾较多，工作人员清扫不及时,是,否
R0852,门票不贵，不过索道口排队太久，进园后心情已经受影响。,中性,价格;排队,门票不贵，不过索道口排队太久，进园后心情已经受影响,是,否
R0853,真有效率，在索道口晒了半小时，工作人员一直让我们再等等。,负面,排队;服务,真有效率，在索道口晒了半小时，工作人员一直让我们再等等,是,否
R0854,朋友说这里适合亲子游，我没有实际去过，暂时无法评价。,中性,其他,朋友说这里适合亲子游，我没有实际去过，暂时无法评价,是,否
R0855,本地小吃味道普通，套餐却比菜单标价多收了十元。,负面,餐饮;价格,本地小吃味道普通，套餐却比菜单标价多收了十元,否,否
R0856,停车场到古城墙有无障碍坡道和休息座椅，带长辈出行比较方便。,正面,交通;设施,停车场到古城墙有无障碍坡道和休息座椅，带长辈出行比较方便,否,否
R0857,湖边入口的工作人员主动帮我们指路，还提醒了安全事项。,正面,服务,湖边入口的工作人员主动帮我们指路，还提醒了安全事项,否,否
R0858,咨询森林小径怎么走时，工作人员一直低头玩手机，没有回应。,负面,服务,咨询森林小径怎么走时，工作人员一直低头玩手机，没有回应,否,否
R0859,节假日早上入园只等了55分钟，检票安排比较顺畅。,正面,排队,节假日早上入园只等了55分钟，检票安排比较顺畅,否,否
R0860,节假日早上在湖边入口排了130分钟，现场也没人说明原因。,负面,排队;服务,节假日早上在湖边入口排了130分钟，现场也没人说明原因,否,否
R0861,门票75元，包含接驳车和展馆，整体可以接受。,正面,价格,门票75元，包含接驳车和展馆，整体可以接受,否,否
R0862,门票75元还要另收摆渡车费，感觉价格不太合理。,负面,价格;交通,门票75元还要另收摆渡车费，感觉价格不太合理,否,否
R0863,森林小径附近没有垃圾，洗手间也很整洁。,正面,卫生,森林小径附近没有垃圾，洗手间也很整洁,否,否
R0864,洗手间有异味，垃圾桶旁边还有没清理的纸巾。,负面,卫生,洗手间有异味，垃圾桶旁边还有没清理的纸巾,否,否
R0865,景区里的简餐热乎，分量也刚好，休息时吃得很舒服。,正面,餐饮,景区里的简餐热乎，分量也刚好，休息时吃得很舒服,否,否
R0866,简餐又冷又咸，价格还比门口餐馆高不少。,负面,餐饮;价格,简餐又冷又咸，价格还比门口餐馆高不少,否,否
R0867,从地铁站出来有直达接驳车，到湖边入口很省心。,正面,交通,从地铁站出来有直达接驳车，到湖边入口很省心,否,否
R0868,返程接驳车间隔太久，最后只能步行很远去找公交。,负面,交通,返程接驳车间隔太久，最后只能步行很远去找公交,否,否
R0869,森林小径的栈道和座椅维护得不错，老人走起来也方便。,正面,设施,森林小径的栈道和座椅维护得不错，老人走起来也方便,否,否
R0870,观景台护栏松动，几个指示牌也褪色看不清。,负面,设施,观景台护栏松动，几个指示牌也褪色看不清,否,否
R0871,傍晚在森林小径看日落很开阔，照片比预想更有层次。,正面,景色,傍晚在森林小径看日落很开阔，照片比预想更有层次,否,否
R0872,当天大雾，森林小径几乎看不见远处，体验只能说一般。,中性,景色,当天大雾，森林小径几乎看不见远处，体验只能说一般,是,否
R0873,宣传图里的花海面积很大，实际只有入口一小片，落差明显。,负面,宣传,宣传图里的花海面积很大，实际只有入口一小片，落差明显,否,否
R0874,慢慢逛了半天，没有特别惊喜，也没有明显不舒服的地方。,中性,无明显问题,慢慢逛了半天，没有特别惊喜，也没有明显不舒服的地方,否,否
R0875,森林小径景色很好，但路边垃圾较多，工作人员清扫不及时。,中性,景色;卫生;服务,森林小径景色很好，但路边垃圾较多，工作人员清扫不及时,是,否
R0876,门票不贵，不过湖边入口排队太久，进园后心情已经受影响。,中性,价格;排队,门票不贵，不过湖边入口排队太久，进园后心情已经受影响,是,否
R0877,真有效率，在湖边入口晒了半小时，工作人员一直让我们再等等。,负面,排队;服务,真有效率，在湖边入口晒了半小时，工作人员一直让我们再等等,是,否
R0878,朋友说这里适合亲子游，我没有实际去过，暂时无法评价。,中性,其他,朋友说这里适合亲子游，我没有实际去过，暂时无法评价,是,否
R0879,简餐味道普通，套餐却比菜单标价多收了十元。,负面,餐饮;价格,简餐味道普通，套餐却比菜单标价多收了十元,否,否
R0880,停车场到森林小径有无障碍坡道和休息座椅，带长辈出行比较方便。,正面,交通;设施,停车场到森林小径有无障碍坡道和休息座椅，带长辈出行比较方便,否,否
R0881,东门的工作人员主动帮我们指路，还提醒了安全事项。,正面,服务,东门的工作人员主动帮我们指路，还提醒了安全事项,否,否
R0882,咨询云台观景台怎么走时，工作人员一直低头玩手机，没有回应。,负面,服务,咨询云台观景台怎么走时，工作人员一直低头玩手机，没有回应,否,否
R0883,周一上午入园只等了65分钟，检票安排比较顺畅。,正面,排队,周一上午入园只等了65分钟，检票安排比较顺畅,否,否
R0884,周一上午在东门排了50分钟，现场也没人说明原因。,负面,排队;服务,周一上午在东门排了50分钟，现场也没人说明原因,否,否
R0885,门票90元，包含接驳车和展馆，整体可以接受。,正面,价格,门票90元，包含接驳车和展馆，整体可以接受,否,否
R0886,门票90元还要另收摆渡车费，感觉价格不太合理。,负面,价格;交通,门票90元还要另收摆渡车费，感觉价格不太合理,否,否
R0887,云台观景台附近没有垃圾，洗手间也很整洁。,正面,卫生,云台观景台附近没有垃圾，洗手间也很整洁,否,否
R0888,洗手间有异味，垃圾桶旁边还有没清理的纸巾。,负面,卫生,洗手间有异味，垃圾桶旁边还有没清理的纸巾,否,否
R0889,景区里的菌菇面热乎，分量也刚好，休息时吃得很舒服。,正面,餐饮,景区里的菌菇面热乎，分量也刚好，休息时吃得很舒服,否,否
R0890,菌菇面又冷又咸，价格还比门口餐馆高不少。,负面,餐饮;价格,菌菇面又冷又咸，价格还比门口餐馆高不少,否,否
R0891,从地铁站出来有直达接驳车，到东门很省心。,正面,交通,从地铁站出来有直达接驳车，到东门很省心,否,否
R0892,返程接驳车间隔太久，最后只能步行很远去找公交。,负面,交通,返程接驳车间隔太久，最后只能步行很远去找公交,否,否
R0893,云台观景台的栈道和座椅维护得不错，老人走起来也方便。,正面,设施,云台观景台的栈道和座椅维护得不错，老人走起来也方便,否,否
R0894,观景台护栏松动，几个指示牌也褪色看不清。,负面,设施,观景台护栏松动，几个指示牌也褪色看不清,否,否
R0895,傍晚在云台观景台看日落很开阔，照片比预想更有层次。,正面,景色,傍晚在云台观景台看日落很开阔，照片比预想更有层次,否,否
R0896,当天大雾，云台观景台几乎看不见远处，体验只能说一般。,中性,景色,当天大雾，云台观景台几乎看不见远处，体验只能说一般,是,否
R0897,宣传图里的花海面积很大，实际只有入口一小片，落差明显。,负面,宣传,宣传图里的花海面积很大，实际只有入口一小片，落差明显,否,否
R0898,慢慢逛了半天，没有特别惊喜，也没有明显不舒服的地方。,中性,无明显问题,慢慢逛了半天，没有特别惊喜，也没有明显不舒服的地方,否,否
R0899,云台观景台景色很好，但路边垃圾较多，工作人员清扫不及时。,中性,景色;卫生;服务,云台观景台景色很好，但路边垃圾较多，工作人员清扫不及时,是,否
R0900,门票不贵，不过东门排队太久，进园后心情已经受影响。,中性,价格;排队,门票不贵，不过东门排队太久，进园后心情已经受影响,是,否
R0901,真有效率，在东门晒了半小时，工作人员一直让我们再等等。,负面,排队;服务,真有效率，在东门晒了半小时，工作人员一直让我们再等等,是,否
R0902,朋友说这里适合亲子游，我没有实际去过，暂时无法评价。,中性,其他,朋友说这里适合亲子游，我没有实际去过，暂时无法评价,是,否
R0903,菌菇面味道普通，套餐却比菜单标价多收了十元。,负面,餐饮;价格,菌菇面味道普通，套餐却比菜单标价多收了十元,否,否
R0904,停车场到云台观景台有无障碍坡道和休息座椅，带长辈出行比较方便。,正面,交通;设施,停车场到云台观景台有无障碍坡道和休息座椅，带长辈出行比较方便,否,否
R0905,南门的工作人员主动帮我们指路，还提醒了安全事项。,正面,服务,南门的工作人员主动帮我们指路，还提醒了安全事项,否,否
R0906,咨询山谷栈道怎么走时，工作人员一直低头玩手机，没有回应。,负面,服务,咨询山谷栈道怎么走时，工作人员一直低头玩手机，没有回应,否,否
R0907,周三下午入园只等了15分钟，检票安排比较顺畅。,正面,排队,周三下午入园只等了15分钟，检票安排比较顺畅,否,否
R0908,周三下午在南门排了70分钟，现场也没人说明原因。,负面,排队;服务,周三下午在南门排了70分钟，现场也没人说明原因,否,否
R0909,门票45元，包含接驳车和展馆，整体可以接受。,正面,价格,门票45元，包含接驳车和展馆，整体可以接受,否,否
R0910,门票45元还要另收摆渡车费，感觉价格不太合理。,负面,价格;交通,门票45元还要另收摆渡车费，感觉价格不太合理,否,否
R0911,山谷栈道附近没有垃圾，洗手间也很整洁。,正面,卫生,山谷栈道附近没有垃圾，洗手间也很整洁,否,否
R0912,洗手间有异味，垃圾桶旁边还有没清理的纸巾。,负面,卫生,洗手间有异味，垃圾桶旁边还有没清理的纸巾,否,否
R0913,景区里的竹筒饭热乎，分量也刚好，休息时吃得很舒服。,正面,餐饮,景区里的竹筒饭热乎，分量也刚好，休息时吃得很舒服,否,否
R0914,竹筒饭又冷又咸，价格还比门口餐馆高不少。,负面,餐饮;价格,竹筒饭又冷又咸，价格还比门口餐馆高不少,否,否
R0915,从地铁站出来有直达接驳车，到南门很省心。,正面,交通,从地铁站出来有直达接驳车，到南门很省心,否,否
R0916,返程接驳车间隔太久，最后只能步行很远去找公交。,负面,交通,返程接驳车间隔太久，最后只能步行很远去找公交,否,否
R0917,山谷栈道的栈道和座椅维护得不错，老人走起来也方便。,正面,设施,山谷栈道的栈道和座椅维护得不错，老人走起来也方便,否,否
R0918,观景台护栏松动，几个指示牌也褪色看不清。,负面,设施,观景台护栏松动，几个指示牌也褪色看不清,否,否
R0919,傍晚在山谷栈道看日落很开阔，照片比预想更有层次。,正面,景色,傍晚在山谷栈道看日落很开阔，照片比预想更有层次,否,否
R0920,当天大雾，山谷栈道几乎看不见远处，体验只能说一般。,中性,景色,当天大雾，山谷栈道几乎看不见远处，体验只能说一般,是,否
R0921,宣传图里的花海面积很大，实际只有入口一小片，落差明显。,负面,宣传,宣传图里的花海面积很大，实际只有入口一小片，落差明显,否,否
R0922,慢慢逛了半天，没有特别惊喜，也没有明显不舒服的地方。,中性,无明显问题,慢慢逛了半天，没有特别惊喜，也没有明显不舒服的地方,否,否
R0923,山谷栈道景色很好，但路边垃圾较多，工作人员清扫不及时。,中性,景色;卫生;服务,山谷栈道景色很好，但路边垃圾较多，工作人员清扫不及时,是,否
R0924,门票不贵，不过南门排队太久，进园后心情已经受影响。,中性,价格;排队,门票不贵，不过南门排队太久，进园后心情已经受影响,是,否
R0925,真有效率，在南门晒了半小时，工作人员一直让我们再等等。,负面,排队;服务,真有效率，在南门晒了半小时，工作人员一直让我们再等等,是,否
R0926,朋友说这里适合亲子游，我没有实际去过，暂时无法评价。,中性,其他,朋友说这里适合亲子游，我没有实际去过，暂时无法评价,是,否
R0927,竹筒饭味道普通，套餐却比菜单标价多收了十元。,负面,餐饮;价格,竹筒饭味道普通，套餐却比菜单标价多收了十元,否,否
R0928,停车场到山谷栈道有无障碍坡道和休息座椅，带长辈出行比较方便。,正面,交通;设施,停车场到山谷栈道有无障碍坡道和休息座椅，带长辈出行比较方便,否,否
R0929,游客中心的工作人员主动帮我们指路，还提醒了安全事项。,正面,服务,游客中心的工作人员主动帮我们指路，还提醒了安全事项,否,否
R0930,咨询湖心步道怎么走时，工作人员一直低头玩手机，没有回应。,负面,服务,咨询湖心步道怎么走时，工作人员一直低头玩手机，没有回应,否,否
R0931,周五傍晚入园只等了25分钟，检票安排比较顺畅。,正面,排队,周五傍晚入园只等了25分钟，检票安排比较顺畅,否,否
R0932,周五傍晚在游客中心排了90分钟，现场也没人说明原因。,负面,排队;服务,周五傍晚在游客中心排了90分钟，现场也没人说明原因,否,否
R0933,门票60元，包含接驳车和展馆，整体可以接受。,正面,价格,门票60元，包含接驳车和展馆，整体可以接受,否,否
R0934,门票60元还要另收摆渡车费，感觉价格不太合理。,负面,价格;交通,门票60元还要另收摆渡车费，感觉价格不太合理,否,否
R0935,湖心步道附近没有垃圾，洗手间也很整洁。,正面,卫生,湖心步道附近没有垃圾，洗手间也很整洁,否,否
R0936,洗手间有异味，垃圾桶旁边还有没清理的纸巾。,负面,卫生,洗手间有异味，垃圾桶旁边还有没清理的纸巾,否,否
R0937,景区里的热汤面热乎，分量也刚好，休息时吃得很舒服。,正面,餐饮,景区里的热汤面热乎，分量也刚好，休息时吃得很舒服,否,否
R0938,热汤面又冷又咸，价格还比门口餐馆高不少。,负面,餐饮;价格,热汤面又冷又咸，价格还比门口餐馆高不少,否,否
R0939,从地铁站出来有直达接驳车，到游客中心很省心。,正面,交通,从地铁站出来有直达接驳车，到游客中心很省心,否,否
R0940,返程接驳车间隔太久，最后只能步行很远去找公交。,负面,交通,返程接驳车间隔太久，最后只能步行很远去找公交,否,否
R0941,湖心步道的栈道和座椅维护得不错，老人走起来也方便。,正面,设施,湖心步道的栈道和座椅维护得不错，老人走起来也方便,否,否
R0942,观景台护栏松动，几个指示牌也褪色看不清。,负面,设施,观景台护栏松动，几个指示牌也褪色看不清,否,否
R0943,傍晚在湖心步道看日落很开阔，照片比预想更有层次。,正面,景色,傍晚在湖心步道看日落很开阔，照片比预想更有层次,否,否
R0944,当天大雾，湖心步道几乎看不见远处，体验只能说一般。,中性,景色,当天大雾，湖心步道几乎看不见远处，体验只能说一般,是,否
R0945,宣传图里的花海面积很大，实际只有入口一小片，落差明显。,负面,宣传,宣传图里的花海面积很大，实际只有入口一小片，落差明显,否,否
R0946,慢慢逛了半天，没有特别惊喜，也没有明显不舒服的地方。,中性,无明显问题,慢慢逛了半天，没有特别惊喜，也没有明显不舒服的地方,否,否
R0947,湖心步道景色很好，但路边垃圾较多，工作人员清扫不及时。,中性,景色;卫生;服务,湖心步道景色很好，但路边垃圾较多，工作人员清扫不及时,是,否
R0948,门票不贵，不过游客中心排队太久，进园后心情已经受影响。,中性,价格;排队,门票不贵，不过游客中心排队太久，进园后心情已经受影响,是,否
R0949,真有效率，在游客中心晒了半小时，工作人员一直让我们再等等。,负面,排队;服务,真有效率，在游客中心晒了半小时，工作人员一直让我们再等等,是,否
R0950,朋友说这里适合亲子游，我没有实际去过，暂时无法评价。,中性,其他,朋友说这里适合亲子游，我没有实际去过，暂时无法评价,是,否
R0951,热汤面味道普通，套餐却比菜单标价多收了十元。,负面,餐饮;价格,热汤面味道普通，套餐却比菜单标价多收了十元,否,否
R0952,停车场到湖心步道有无障碍坡道和休息座椅，带长辈出行比较方便。,正面,交通;设施,停车场到湖心步道有无障碍坡道和休息座椅，带长辈出行比较方便,否,否
R0953,索道口的工作人员主动帮我们指路，还提醒了安全事项。,正面,服务,索道口的工作人员主动帮我们指路，还提醒了安全事项,否,否
R0954,咨询古城墙怎么走时，工作人员一直低头玩手机，没有回应。,负面,服务,咨询古城墙怎么走时，工作人员一直低头玩手机，没有回应,否,否
R0955,周六上午入园只等了35分钟，检票安排比较顺畅。,正面,排队,周六上午入园只等了35分钟，检票安排比较顺畅,否,否
R0956,周六上午在索道口排了110分钟，现场也没人说明原因。,负面,排队;服务,周六上午在索道口排了110分钟，现场也没人说明原因,否,否
R0957,门票75元，包含接驳车和展馆，整体可以接受。,正面,价格,门票75元，包含接驳车和展馆，整体可以接受,否,否
R0958,门票75元还要另收摆渡车费，感觉价格不太合理。,负面,价格;交通,门票75元还要另收摆渡车费，感觉价格不太合理,否,否
R0959,古城墙附近没有垃圾，洗手间也很整洁。,正面,卫生,古城墙附近没有垃圾，洗手间也很整洁,否,否
R0960,洗手间有异味，垃圾桶旁边还有没清理的纸巾。,负面,卫生,洗手间有异味，垃圾桶旁边还有没清理的纸巾,否,否
R0961,景区里的本地小吃热乎，分量也刚好，休息时吃得很舒服。,正面,餐饮,景区里的本地小吃热乎，分量也刚好，休息时吃得很舒服,否,否
R0962,本地小吃又冷又咸，价格还比门口餐馆高不少。,负面,餐饮;价格,本地小吃又冷又咸，价格还比门口餐馆高不少,否,否
R0963,从地铁站出来有直达接驳车，到索道口很省心。,正面,交通,从地铁站出来有直达接驳车，到索道口很省心,否,否
R0964,返程接驳车间隔太久，最后只能步行很远去找公交。,负面,交通,返程接驳车间隔太久，最后只能步行很远去找公交,否,否
R0965,古城墙的栈道和座椅维护得不错，老人走起来也方便。,正面,设施,古城墙的栈道和座椅维护得不错，老人走起来也方便,否,否
R0966,观景台护栏松动，几个指示牌也褪色看不清。,负面,设施,观景台护栏松动，几个指示牌也褪色看不清,否,否
R0967,傍晚在古城墙看日落很开阔，照片比预想更有层次。,正面,景色,傍晚在古城墙看日落很开阔，照片比预想更有层次,否,否
R0968,当天大雾，古城墙几乎看不见远处，体验只能说一般。,中性,景色,当天大雾，古城墙几乎看不见远处，体验只能说一般,是,否
R0969,宣传图里的花海面积很大，实际只有入口一小片，落差明显。,负面,宣传,宣传图里的花海面积很大，实际只有入口一小片，落差明显,否,否
R0970,慢慢逛了半天，没有特别惊喜，也没有明显不舒服的地方。,中性,无明显问题,慢慢逛了半天，没有特别惊喜，也没有明显不舒服的地方,否,否
R0971,古城墙景色很好，但路边垃圾较多，工作人员清扫不及时。,中性,景色;卫生;服务,古城墙景色很好，但路边垃圾较多，工作人员清扫不及时,是,否
R0972,门票不贵，不过索道口排队太久，进园后心情已经受影响。,中性,价格;排队,门票不贵，不过索道口排队太久，进园后心情已经受影响,是,否
R0973,真有效率，在索道口晒了半小时，工作人员一直让我们再等等。,负面,排队;服务,真有效率，在索道口晒了半小时，工作人员一直让我们再等等,是,否
R0974,朋友说这里适合亲子游，我没有实际去过，暂时无法评价。,中性,其他,朋友说这里适合亲子游，我没有实际去过，暂时无法评价,是,否
R0975,本地小吃味道普通，套餐却比菜单标价多收了十元。,负面,餐饮;价格,本地小吃味道普通，套餐却比菜单标价多收了十元,否,否
R0976,停车场到古城墙有无障碍坡道和休息座椅，带长辈出行比较方便。,正面,交通;设施,停车场到古城墙有无障碍坡道和休息座椅，带长辈出行比较方便,否,否
R0977,湖边入口的工作人员主动帮我们指路，还提醒了安全事项。,正面,服务,湖边入口的工作人员主动帮我们指路，还提醒了安全事项,否,否
R0978,咨询森林小径怎么走时，工作人员一直低头玩手机，没有回应。,负面,服务,咨询森林小径怎么走时，工作人员一直低头玩手机，没有回应,否,否
R0979,节假日早上入园只等了45分钟，检票安排比较顺畅。,正面,排队,节假日早上入园只等了45分钟，检票安排比较顺畅,否,否
R0980,节假日早上在湖边入口排了130分钟，现场也没人说明原因。,负面,排队;服务,节假日早上在湖边入口排了130分钟，现场也没人说明原因,否,否
R0981,门票90元，包含接驳车和展馆，整体可以接受。,正面,价格,门票90元，包含接驳车和展馆，整体可以接受,否,否
R0982,门票90元还要另收摆渡车费，感觉价格不太合理。,负面,价格;交通,门票90元还要另收摆渡车费，感觉价格不太合理,否,否
R0983,森林小径附近没有垃圾，洗手间也很整洁。,正面,卫生,森林小径附近没有垃圾，洗手间也很整洁,否,否
R0984,洗手间有异味，垃圾桶旁边还有没清理的纸巾。,负面,卫生,洗手间有异味，垃圾桶旁边还有没清理的纸巾,否,否
R0985,景区里的简餐热乎，分量也刚好，休息时吃得很舒服。,正面,餐饮,景区里的简餐热乎，分量也刚好，休息时吃得很舒服,否,否
R0986,简餐又冷又咸，价格还比门口餐馆高不少。,负面,餐饮;价格,简餐又冷又咸，价格还比门口餐馆高不少,否,否
R0987,从地铁站出来有直达接驳车，到湖边入口很省心。,正面,交通,从地铁站出来有直达接驳车，到湖边入口很省心,否,否
R0988,返程接驳车间隔太久，最后只能步行很远去找公交。,负面,交通,返程接驳车间隔太久，最后只能步行很远去找公交,否,否
R0989,森林小径的栈道和座椅维护得不错，老人走起来也方便。,正面,设施,森林小径的栈道和座椅维护得不错，老人走起来也方便,否,否
R0990,观景台护栏松动，几个指示牌也褪色看不清。,负面,设施,观景台护栏松动，几个指示牌也褪色看不清,否,否
R0991,傍晚在森林小径看日落很开阔，照片比预想更有层次。,正面,景色,傍晚在森林小径看日落很开阔，照片比预想更有层次,否,否
R0992,当天大雾，森林小径几乎看不见远处，体验只能说一般。,中性,景色,当天大雾，森林小径几乎看不见远处，体验只能说一般,是,否
R0993,宣传图里的花海面积很大，实际只有入口一小片，落差明显。,负面,宣传,宣传图里的花海面积很大，实际只有入口一小片，落差明显,否,否
R0994,慢慢逛了半天，没有特别惊喜，也没有明显不舒服的地方。,中性,无明显问题,慢慢逛了半天，没有特别惊喜，也没有明显不舒服的地方,否,否
R0995,森林小径景色很好，但路边垃圾较多，工作人员清扫不及时。,中性,景色;卫生;服务,森林小径景色很好，但路边垃圾较多，工作人员清扫不及时,是,否
R0996,门票不贵，不过湖边入口排队太久，进园后心情已经受影响。,中性,价格;排队,门票不贵，不过湖边入口排队太久，进园后心情已经受影响,是,否
R0997,真有效率，在湖边入口晒了半小时，工作人员一直让我们再等等。,负面,排队;服务,真有效率，在湖边入口晒了半小时，工作人员一直让我们再等等,是,否
R0998,朋友说这里适合亲子游，我没有实际去过，暂时无法评价。,中性,其他,朋友说这里适合亲子游，我没有实际去过，暂时无法评价,是,否
R0999,简餐味道普通，套餐却比菜单标价多收了十元。,负面,餐饮;价格,简餐味道普通，套餐却比菜单标价多收了十元,否,否
R1000,停车场到森林小径有无障碍坡道和休息座椅，带长辈出行比较方便。,正面,交通;设施,停车场到森林小径有无障碍坡道和休息座椅，带长辈出行比较方便,否,否
