review_id,review_text
R001,入口工作人员主动帮老人找轮椅，态度很耐心。
R002,周六上午排队九十分钟才进门，孩子都累哭了。
R003,门票60元，里面可看的项目不多，感觉偏贵。
R004,园区很干净，湖边景色也很舒服。
R005,没什么特别惊喜，也没有明显问题。
R006,地铁出来步行十分钟就到，交通很方便。
R007,洗手间有两个水龙头坏了，地面还有积水。
R008,真贴心，排队一个半小时还不让坐，太阳晒得我很开心。
R009,宣传页说玻璃栈道开放，到了才知道在维修。
R010,儿童区玩具旧了一些，但工作人员会主动帮忙，孩子玩得还行。
R011,景区餐厅的面又咸又贵，不如自带食物。
R012,今天大雾，基本看不到山景。
R013,自驾导航准确，停车场离入口不远。
R014,官网写着下午有民俗表演，现场临时取消也没人通知。
R015,瀑布很好看，但观景台旁边垃圾桶满了。
R016,缆车停运没有提前提醒，只能走很陡的山路。
R017,工作人员态度正常，排队十五分钟可以接受。
R018,傍晚的湖面和落日非常漂亮，照片完全不用滤镜。
R019,学生票到底要不要预约？页面写得不清楚。
R020,小吃分量不大，价格偏高，不过味道确实不错。
R021,节假日周边堵车，停车位也很难找。
R022,好几个休息座椅松动，老人坐着不太安全。
R023,门票50元可以接受，园里的花开得很好。
R024,问导游洗手间位置，他只说不知道就走了。
R025,排队绕了好几圈，游览路线很长，但山顶风景值得。
R026,风景就那样吧。
R027,公告显示闭园时间是六点，五点就开始清人。
R028,步道边垃圾很多，还有一股异味。
R029,景区里的菌汤和炒野菜很好吃，价格也透明。
R030,工作人员真有效率，问路十分钟都没人理。
R031,第一次来，整体体验很放松，下次还会再来。
R032,花了不少钱，感觉一般。
R033,朋友说这里很好玩，但我自己还没去过。
R034,下雨天室内休息区不够，景色也被雨挡住了。
R035,无障碍坡道平整，检票员还帮我推了婴儿车。
R036,虽然排了二十分钟，但工作人员分流清楚，进场很快。
R037,点的鱼有点凉，服务员说可以加热，我还在考虑。
R038,保安说话很冲，洗手间也没有洗手液。
R039,宣传说免费停车，离场时却收了20元。
R040,景色很美，但手机没信号，导航也不好用。
R0041,2023年2月11日的评论记录：东门的工作人员主动帮我们指路，还提醒了安全事项。
R0042,2023年2月12日的评论记录：咨询云台观景台怎么走时，工作人员一直低头玩手机，没有回应。
R0043,2023年2月13日的评论记录：周一上午入园只等了15分钟，检票安排比较顺畅。
R0044,2023年2月14日的评论记录：周一上午在东门排了50分钟，现场也没人说明原因。
R0045,2023年2月15日的评论记录：门票45元，包含接驳车和展馆，整体可以接受。
R0046,2023年2月16日的评论记录：门票45元还要另收摆渡车费，感觉价格不太合理。
R0047,2023年2月17日的评论记录：云台观景台附近没有垃圾，洗手间也很整洁。
R0048,2023年2月18日的评论记录：洗手间有异味，垃圾桶旁边还有没清理的纸巾。
R0049,2023年2月19日的评论记录：景区里的菌菇面热乎，分量也刚好，休息时吃得很舒服。
R0050,2023年2月20日的评论记录：菌菇面又冷又咸，价格还比门口餐馆高不少。
R0051,2023年2月21日的评论记录：从地铁站出来有直达接驳车，到东门很省心。
R0052,2023年2月22日的评论记录：返程接驳车间隔太久，最后只能步行很远去找公交。
R0053,2023年2月23日的评论记录：云台观景台的栈道和座椅维护得不错，老人走起来也方便。
R0054,2023年2月24日的评论记录：观景台护栏松动，几个指示牌也褪色看不清。
R0055,2023年2月25日的评论记录：傍晚在云台观景台看日落很开阔，照片比预想更有层次。
R0056,2023年2月26日的评论记录：当天大雾，云台观景台几乎看不见远处，体验只能说一般。
R0057,2023年2月27日的评论记录：宣传图里的花海面积很大，实际只有入口一小片，落差明显。
R0058,2023年2月28日的评论记录：慢慢逛了半天，没有特别惊喜，也没有明显不舒服的地方。
R0059,2023年3月1日的评论记录：云台观景台景色很好，但路边垃圾较多，工作人员清扫不及时。
R0060,2023年3月2日的评论记录：门票不贵，不过东门排队太久，进园后心情已经受影响。
R0061,2023年3月3日的评论记录：真有效率，在东门晒了半小时，工作人员一直让我们再等等。
R0062,2023年3月4日的评论记录：朋友说这里适合亲子游，我没有实际去过，暂时无法评价。
R0063,2023年3月5日的评论记录：菌菇面味道普通，套餐却比菜单标价多收了十元。
R0064,2023年3月6日的评论记录：停车场到云台观景台有无障碍坡道和休息座椅，带长辈出行比较方便。
R0065,2023年3月7日的评论记录：南门的工作人员主动帮我们指路，还提醒了安全事项。
R0066,2023年3月8日的评论记录：咨询山谷栈道怎么走时，工作人员一直低头玩手机，没有回应。
R0067,2023年3月9日的评论记录：周三下午入园只等了25分钟，检票安排比较顺畅。
R0068,2023年3月10日的评论记录：周三下午在南门排了70分钟，现场也没人说明原因。
R0069,2023年3月11日的评论记录：门票60元，包含接驳车和展馆，整体可以接受。
R0070,2023年3月12日的评论记录：门票60元还要另收摆渡车费，感觉价格不太合理。
R0071,2023年3月13日的评论记录：山谷栈道附近没有垃圾，洗手间也很整洁。
R0072,2023年3月14日的评论记录：洗手间有异味，垃圾桶旁边还有没清理的纸巾。
R0073,2023年3月15日的评论记录：景区里的竹筒饭热乎，分量也刚好，休息时吃得很舒服。
R0074,2023年3月16日的评论记录：竹筒饭又冷又咸，价格还比门口餐馆高不少。
R0075,2023年3月17日的评论记录：从地铁站出来有直达接驳车，到南门很省心。
R0076,2023年3月18日的评论记录：返程接驳车间隔太久，最后只能步行很远去找公交。
R0077,2023年3月19日的评论记录：山谷栈道的栈道和座椅维护得不错，老人走起来也方便。
R0078,2023年3月20日的评论记录：观景台护栏松动，几个指示牌也褪色看不清。
R0079,2023年3月21日的评论记录：傍晚在山谷栈道看日落很开阔，照片比预想更有层次。
R0080,2023年3月22日的评论记录：当天大雾，山谷栈道几乎看不见远处，体验只能说一般。
R0081,2023年3月23日的评论记录：宣传图里的花海面积很大，实际只有入口一小片，落差明显。
R0082,2023年3月24日的评论记录：慢慢逛了半天，没有特别惊喜，也没有明显不舒服的地方。
R0083,2023年3月25日的评论记录：山谷栈道景色很好，但路边垃圾较多，工作人员清扫不及时。
R0084,2023年3月26日的评论记录：门票不贵，不过南门排队太久，进园后心情已经受影响。
R0085,2023年3月27日的评论记录：真有效率，在南门晒了半小时，工作人员一直让我们再等等。
R0086,2023年3月28日的评论记录：朋友说这里适合亲子游，我没有实际去过，暂时无法评价。
R0087,2023年3月29日的评论记录：竹筒饭味道普通，套餐却比菜单标价多收了十元。
R0088,2023年3月30日的评论记录：停车场到山谷栈道有无障碍坡道和休息座椅，带长辈出行比较方便。
R0089,2023年3月31日的评论记录：游客中心的工作人员主动帮我们指路，还提醒了安全事项。
R0090,2023年4月1日的评论记录：咨询湖心步道怎么走时，工作人员一直低头玩手机，没有回应。
R0091,2023年4月2日的评论记录：周五傍晚入园只等了35分钟，检票安排比较顺畅。
R0092,2023年4月3日的评论记录：周五傍晚在游客中心排了90分钟，现场也没人说明原因。
R0093,2023年4月4日的评论记录：门票75元，包含接驳车和展馆，整体可以接受。
R0094,2023年4月5日的评论记录：门票75元还要另收摆渡车费，感觉价格不太合理。
R0095,2023年4月6日的评论记录：湖心步道附近没有垃圾，洗手间也很整洁。
R0096,2023年4月7日的评论记录：洗手间有异味，垃圾桶旁边还有没清理的纸巾。
R0097,2023年4月8日的评论记录：景区里的热汤面热乎，分量也刚好，休息时吃得很舒服。
R0098,2023年4月9日的评论记录：热汤面又冷又咸，价格还比门口餐馆高不少。
R0099,2023年4月10日的评论记录：从地铁站出来有直达接驳车，到游客中心很省心。
R0100,2023年4月11日的评论记录：返程接驳车间隔太久，最后只能步行很远去找公交。
R0101,2023年4月12日的评论记录：湖心步道的栈道和座椅维护得不错，老人走起来也方便。
R0102,2023年4月13日的评论记录：观景台护栏松动，几个指示牌也褪色看不清。
R0103,2023年4月14日的评论记录：傍晚在湖心步道看日落很开阔，照片比预想更有层次。
R0104,2023年4月15日的评论记录：当天大雾，湖心步道几乎看不见远处，体验只能说一般。
R0105,2023年4月16日的评论记录：宣传图里的花海面积很大，实际只有入口一小片，落差明显。
R0106,2023年4月17日的评论记录：慢慢逛了半天，没有特别惊喜，也没有明显不舒服的地方。
R0107,2023年4月18日的评论记录：湖心步道景色很好，但路边垃圾较多，工作人员清扫不及时。
R0108,2023年4月19日的评论记录：门票不贵，不过游客中心排队太久，进园后心情已经受影响。
R0109,2023年4月20日的评论记录：真有效率，在游客中心晒了半小时，工作人员一直让我们再等等。
R0110,2023年4月21日的评论记录：朋友说这里适合亲子游，我没有实际去过，暂时无法评价。
R0111,2023年4月22日的评论记录：热汤面味道普通，套餐却比菜单标价多收了十元。
R0112,2023年4月23日的评论记录：停车场到湖心步道有无障碍坡道和休息座椅，带长辈出行比较方便。
R0113,2023年4月24日的评论记录：索道口的工作人员主动帮我们指路，还提醒了安全事项。
R0114,2023年4月25日的评论记录：咨询古城墙怎么走时，工作人员一直低头玩手机，没有回应。
R0115,2023年4月26日的评论记录：周六上午入园只等了45分钟，检票安排比较顺畅。
R0116,2023年4月27日的评论记录：周六上午在索道口排了110分钟，现场也没人说明原因。
R0117,2023年4月28日的评论记录：门票90元，包含接驳车和展馆，整体可以接受。
R0118,2023年4月29日的评论记录：门票90元还要另收摆渡车费，感觉价格不太合理。
R0119,2023年4月30日的评论记录：古城墙附近没有垃圾，洗手间也很整洁。
R0120,2023年5月1日的评论记录：洗手间有异味，垃圾桶旁边还有没清理的纸巾。
R0121,2023年5月2日的评论记录：景区里的本地小吃热乎，分量也刚好，休息时吃得很舒服。
R0122,2023年5月3日的评论记录：本地小吃又冷又咸，价格还比门口餐馆高不少。
R0123,2023年5月4日的评论记录：从地铁站出来有直达接驳车，到索道口很省心。
R0124,2023年5月5日的评论记录：返程接驳车间隔太久，最后只能步行很远去找公交。
R0125,2023年5月6日的评论记录：古城墙的栈道和座椅维护得不错，老人走起来也方便。
R0126,2023年5月7日的评论记录：观景台护栏松动，几个指示牌也褪色看不清。
R0127,2023年5月8日的评论记录：傍晚在古城墙看日落很开阔，照片比预想更有层次。
R0128,2023年5月9日的评论记录：当天大雾，古城墙几乎看不见远处，体验只能说一般。
R0129,2023年5月10日的评论记录：宣传图里的花海面积很大，实际只有入口一小片，落差明显。
R0130,2023年5月11日的评论记录：慢慢逛了半天，没有特别惊喜，也没有明显不舒服的地方。
R0131,2023年5月12日的评论记录：古城墙景色很好，但路边垃圾较多，工作人员清扫不及时。
R0132,2023年5月13日的评论记录：门票不贵，不过索道口排队太久，进园后心情已经受影响。
R0133,2023年5月14日的评论记录：真有效率，在索道口晒了半小时，工作人员一直让我们再等等。
R0134,2023年5月15日的评论记录：朋友说这里适合亲子游，我没有实际去过，暂时无法评价。
R0135,2023年5月16日的评论记录：本地小吃味道普通，套餐却比菜单标价多收了十元。
R0136,2023年5月17日的评论记录：停车场到古城墙有无障碍坡道和休息座椅，带长辈出行比较方便。
R0137,2023年5月18日的评论记录：湖边入口的工作人员主动帮我们指路，还提醒了安全事项。
R0138,2023年5月19日的评论记录：咨询森林小径怎么走时，工作人员一直低头玩手机，没有回应。
R0139,2023年5月20日的评论记录：节假日早上入园只等了55分钟，检票安排比较顺畅。
R0140,2023年5月21日的评论记录：节假日早上在湖边入口排了130分钟，现场也没人说明原因。
R0141,2023年5月22日的评论记录：门票45元，包含接驳车和展馆，整体可以接受。
R0142,2023年5月23日的评论记录：门票45元还要另收摆渡车费，感觉价格不太合理。
R0143,2023年5月24日的评论记录：森林小径附近没有垃圾，洗手间也很整洁。
R0144,2023年5月25日的评论记录：洗手间有异味，垃圾桶旁边还有没清理的纸巾。
R0145,2023年5月26日的评论记录：景区里的简餐热乎，分量也刚好，休息时吃得很舒服。
R0146,2023年5月27日的评论记录：简餐又冷又咸，价格还比门口餐馆高不少。
R0147,2023年5月28日的评论记录：从地铁站出来有直达接驳车，到湖边入口很省心。
R0148,2023年5月29日的评论记录：返程接驳车间隔太久，最后只能步行很远去找公交。
R0149,2023年5月30日的评论记录：森林小径的栈道和座椅维护得不错，老人走起来也方便。
R0150,2023年5月31日的评论记录：观景台护栏松动，几个指示牌也褪色看不清。
R0151,2023年6月1日的评论记录：傍晚在森林小径看日落很开阔，照片比预想更有层次。
R0152,2023年6月2日的评论记录：当天大雾，森林小径几乎看不见远处，体验只能说一般。
R0153,2023年6月3日的评论记录：宣传图里的花海面积很大，实际只有入口一小片，落差明显。
R0154,2023年6月4日的评论记录：慢慢逛了半天，没有特别惊喜，也没有明显不舒服的地方。
R0155,2023年6月5日的评论记录：森林小径景色很好，但路边垃圾较多，工作人员清扫不及时。
R0156,2023年6月6日的评论记录：门票不贵，不过湖边入口排队太久，进园后心情已经受影响。
R0157,2023年6月7日的评论记录：真有效率，在湖边入口晒了半小时，工作人员一直让我们再等等。
R0158,2023年6月8日的评论记录：朋友说这里适合亲子游，我没有实际去过，暂时无法评价。
R0159,2023年6月9日的评论记录：简餐味道普通，套餐却比菜单标价多收了十元。
R0160,2023年6月10日的评论记录：停车场到森林小径有无障碍坡道和休息座椅，带长辈出行比较方便。
R0161,2023年6月11日的评论记录：东门的工作人员主动帮我们指路，还提醒了安全事项。
R0162,2023年6月12日的评论记录：咨询云台观景台怎么走时，工作人员一直低头玩手机，没有回应。
R0163,2023年6月13日的评论记录：周一上午入园只等了65分钟，检票安排比较顺畅。
R0164,2023年6月14日的评论记录：周一上午在东门排了50分钟，现场也没人说明原因。
R0165,2023年6月15日的评论记录：门票60元，包含接驳车和展馆，整体可以接受。
R0166,2023年6月16日的评论记录：门票60元还要另收摆渡车费，感觉价格不太合理。
R0167,2023年6月17日的评论记录：云台观景台附近没有垃圾，洗手间也很整洁。
R0168,2023年6月18日的评论记录：洗手间有异味，垃圾桶旁边还有没清理的纸巾。
R0169,2023年6月19日的评论记录：景区里的菌菇面热乎，分量也刚好，休息时吃得很舒服。
R0170,2023年6月20日的评论记录：菌菇面又冷又咸，价格还比门口餐馆高不少。
R0171,2023年6月21日的评论记录：从地铁站出来有直达接驳车，到东门很省心。
R0172,2023年6月22日的评论记录：返程接驳车间隔太久，最后只能步行很远去找公交。
R0173,2023年6月23日的评论记录：云台观景台的栈道和座椅维护得不错，老人走起来也方便。
R0174,2023年6月24日的评论记录：观景台护栏松动，几个指示牌也褪色看不清。
R0175,2023年6月25日的评论记录：傍晚在云台观景台看日落很开阔，照片比预想更有层次。
R0176,2023年6月26日的评论记录：当天大雾，云台观景台几乎看不见远处，体验只能说一般。
R0177,2023年6月27日的评论记录：宣传图里的花海面积很大，实际只有入口一小片，落差明显。
R0178,2023年6月28日的评论记录：慢慢逛了半天，没有特别惊喜，也没有明显不舒服的地方。
R0179,2023年6月29日的评论记录：云台观景台景色很好，但路边垃圾较多，工作人员清扫不及时。
R0180,2023年6月30日的评论记录：门票不贵，不过东门排队太久，进园后心情已经受影响。
R0181,2023年7月1日的评论记录：真有效率，在东门晒了半小时，工作人员一直让我们再等等。
R0182,2023年7月2日的评论记录：朋友说这里适合亲子游，我没有实际去过，暂时无法评价。
R0183,2023年7月3日的评论记录：菌菇面味道普通，套餐却比菜单标价多收了十元。
R0184,2023年7月4日的评论记录：停车场到云台观景台有无障碍坡道和休息座椅，带长辈出行比较方便。
R0185,2023年7月5日的评论记录：南门的工作人员主动帮我们指路，还提醒了安全事项。
R0186,2023年7月6日的评论记录：咨询山谷栈道怎么走时，工作人员一直低头玩手机，没有回应。
R0187,2023年7月7日的评论记录：周三下午入园只等了15分钟，检票安排比较顺畅。
R0188,2023年7月8日的评论记录：周三下午在南门排了70分钟，现场也没人说明原因。
R0189,2023年7月9日的评论记录：门票75元，包含接驳车和展馆，整体可以接受。
R0190,2023年7月10日的评论记录：门票75元还要另收摆渡车费，感觉价格不太合理。
R0191,2023年7月11日的评论记录：山谷栈道附近没有垃圾，洗手间也很整洁。
R0192,2023年7月12日的评论记录：洗手间有异味，垃圾桶旁边还有没清理的纸巾。
R0193,2023年7月13日的评论记录：景区里的竹筒饭热乎，分量也刚好，休息时吃得很舒服。
R0194,2023年7月14日的评论记录：竹筒饭又冷又咸，价格还比门口餐馆高不少。
R0195,2023年7月15日的评论记录：从地铁站出来有直达接驳车，到南门很省心。
R0196,2023年7月16日的评论记录：返程接驳车间隔太久，最后只能步行很远去找公交。
R0197,2023年7月17日的评论记录：山谷栈道的栈道和座椅维护得不错，老人走起来也方便。
R0198,2023年7月18日的评论记录：观景台护栏松动，几个指示牌也褪色看不清。
R0199,2023年7月19日的评论记录：傍晚在山谷栈道看日落很开阔，照片比预想更有层次。
R0200,2023年7月20日的评论记录：当天大雾，山谷栈道几乎看不见远处，体验只能说一般。
R0201,2023年7月21日的评论记录：宣传图里的花海面积很大，实际只有入口一小片，落差明显。
R0202,2023年7月22日的评论记录：慢慢逛了半天，没有特别惊喜，也没有明显不舒服的地方。
R0203,2023年7月23日的评论记录：山谷栈道景色很好，但路边垃圾较多，工作人员清扫不及时。
R0204,2023年7月24日的评论记录：门票不贵，不过南门排队太久，进园后心情已经受影响。
R0205,2023年7月25日的评论记录：真有效率，在南门晒了半小时，工作人员一直让我们再等等。
R0206,2023年7月26日的评论记录：朋友说这里适合亲子游，我没有实际去过，暂时无法评价。
R0207,2023年7月27日的评论记录：竹筒饭味道普通，套餐却比菜单标价多收了十元。
R0208,2023年7月28日的评论记录：停车场到山谷栈道有无障碍坡道和休息座椅，带长辈出行比较方便。
R0209,2023年7月29日的评论记录：游客中心的工作人员主动帮我们指路，还提醒了安全事项。
R0210,2023年7月30日的评论记录：咨询湖心步道怎么走时，工作人员一直低头玩手机，没有回应。
R0211,2023年7月31日的评论记录：周五傍晚入园只等了25分钟，检票安排比较顺畅。
R0212,2023年8月1日的评论记录：周五傍晚在游客中心排了90分钟，现场也没人说明原因。
R0213,2023年8月2日的评论记录：门票90元，包含接驳车和展馆，整体可以接受。
R0214,2023年8月3日的评论记录：门票90元还要另收摆渡车费，感觉价格不太合理。
R0215,2023年8月4日的评论记录：湖心步道附近没有垃圾，洗手间也很整洁。
R0216,2023年8月5日的评论记录：洗手间有异味，垃圾桶旁边还有没清理的纸巾。
R0217,2023年8月6日的评论记录：景区里的热汤面热乎，分量也刚好，休息时吃得很舒服。
R0218,2023年8月7日的评论记录：热汤面又冷又咸，价格还比门口餐馆高不少。
R0219,2023年8月8日的评论记录：从地铁站出来有直达接驳车，到游客中心很省心。
R0220,2023年8月9日的评论记录：返程接驳车间隔太久，最后只能步行很远去找公交。
R0221,2023年8月10日的评论记录：湖心步道的栈道和座椅维护得不错，老人走起来也方便。
R0222,2023年8月11日的评论记录：观景台护栏松动，几个指示牌也褪色看不清。
R0223,2023年8月12日的评论记录：傍晚在湖心步道看日落很开阔，照片比预想更有层次。
R0224,2023年8月13日的评论记录：当天大雾，湖心步道几乎看不见远处，体验只能说一般。
R0225,2023年8月14日的评论记录：宣传图里的花海面积很大，实际只有入口一小片，落差明显。
R0226,2023年8月15日的评论记录：慢慢逛了半天，没有特别惊喜，也没有明显不舒服的地方。
R0227,2023年8月16日的评论记录：湖心步道景色很好，但路边垃圾较多，工作人员清扫不及时。
R0228,2023年8月17日的评论记录：门票不贵，不过游客中心排队太久，进园后心情已经受影响。
R0229,2023年8月18日的评论记录：真有效率，在游客中心晒了半小时，工作人员一直让我们再等等。
R0230,2023年8月19日的评论记录：朋友说这里适合亲子游，我没有实际去过，暂时无法评价。
R0231,2023年8月20日的评论记录：热汤面味道普通，套餐却比菜单标价多收了十元。
R0232,2023年8月21日的评论记录：停车场到湖心步道有无障碍坡道和休息座椅，带长辈出行比较方便。
R0233,2023年8月22日的评论记录：索道口的工作人员主动帮我们指路，还提醒了安全事项。
R0234,2023年8月23日的评论记录：咨询古城墙怎么走时，工作人员一直低头玩手机，没有回应。
R0235,2023年8月24日的评论记录：周六上午入园只等了35分钟，检票安排比较顺畅。
R0236,2023年8月25日的评论记录：周六上午在索道口排了110分钟，现场也没人说明原因。
R0237,2023年8月26日的评论记录：门票45元，包含接驳车和展馆，整体可以接受。
R0238,2023年8月27日的评论记录：门票45元还要另收摆渡车费，感觉价格不太合理。
R0239,2023年8月28日的评论记录：古城墙附近没有垃圾，洗手间也很整洁。
R0240,2023年8月29日的评论记录：洗手间有异味，垃圾桶旁边还有没清理的纸巾。
R0241,2023年8月30日的评论记录：景区里的本地小吃热乎，分量也刚好，休息时吃得很舒服。
R0242,2023年8月31日的评论记录：本地小吃又冷又咸，价格还比门口餐馆高不少。
R0243,2023年9月1日的评论记录：从地铁站出来有直达接驳车，到索道口很省心。
R0244,2023年9月2日的评论记录：返程接驳车间隔太久，最后只能步行很远去找公交。
R0245,2023年9月3日的评论记录：古城墙的栈道和座椅维护得不错，老人走起来也方便。
R0246,2023年9月4日的评论记录：观景台护栏松动，几个指示牌也褪色看不清。
R0247,2023年9月5日的评论记录：傍晚在古城墙看日落很开阔，照片比预想更有层次。
R0248,2023年9月6日的评论记录：当天大雾，古城墙几乎看不见远处，体验只能说一般。
R0249,2023年9月7日的评论记录：宣传图里的花海面积很大，实际只有入口一小片，落差明显。
R0250,2023年9月8日的评论记录：慢慢逛了半天，没有特别惊喜，也没有明显不舒服的地方。
R0251,2023年9月9日的评论记录：古城墙景色很好，但路边垃圾较多，工作人员清扫不及时。
R0252,2023年9月10日的评论记录：门票不贵，不过索道口排队太久，进园后心情已经受影响。
R0253,2023年9月11日的评论记录：真有效率，在索道口晒了半小时，工作人员一直让我们再等等。
R0254,2023年9月12日的评论记录：朋友说这里适合亲子游，我没有实际去过，暂时无法评价。
R0255,2023年9月13日的评论记录：本地小吃味道普通，套餐却比菜单标价多收了十元。
R0256,2023年9月14日的评论记录：停车场到古城墙有无障碍坡道和休息座椅，带长辈出行比较方便。
R0257,2023年9月15日的评论记录：湖边入口的工作人员主动帮我们指路，还提醒了安全事项。
R0258,2023年9月16日的评论记录：咨询森林小径怎么走时，工作人员一直低头玩手机，没有回应。
R0259,2023年9月17日的评论记录：节假日早上入园只等了45分钟，检票安排比较顺畅。
R0260,2023年9月18日的评论记录：节假日早上在湖边入口排了130分钟，现场也没人说明原因。
R0261,2023年9月19日的评论记录：门票60元，包含接驳车和展馆，整体可以接受。
R0262,2023年9月20日的评论记录：门票60元还要另收摆渡车费，感觉价格不太合理。
R0263,2023年9月21日的评论记录：森林小径附近没有垃圾，洗手间也很整洁。
R0264,2023年9月22日的评论记录：洗手间有异味，垃圾桶旁边还有没清理的纸巾。
R0265,2023年9月23日的评论记录：景区里的简餐热乎，分量也刚好，休息时吃得很舒服。
R0266,2023年9月24日的评论记录：简餐又冷又咸，价格还比门口餐馆高不少。
R0267,2023年9月25日的评论记录：从地铁站出来有直达接驳车，到湖边入口很省心。
R0268,2023年9月26日的评论记录：返程接驳车间隔太久，最后只能步行很远去找公交。
R0269,2023年9月27日的评论记录：森林小径的栈道和座椅维护得不错，老人走起来也方便。
R0270,2023年9月28日的评论记录：观景台护栏松动，几个指示牌也褪色看不清。
R0271,2023年9月29日的评论记录：傍晚在森林小径看日落很开阔，照片比预想更有层次。
R0272,2023年9月30日的评论记录：当天大雾，森林小径几乎看不见远处，体验只能说一般。
R0273,2023年10月1日的评论记录：宣传图里的花海面积很大，实际只有入口一小片，落差明显。
R0274,2023年10月2日的评论记录：慢慢逛了半天，没有特别惊喜，也没有明显不舒服的地方。
R0275,2023年10月3日的评论记录：森林小径景色很好，但路边垃圾较多，工作人员清扫不及时。
R0276,2023年10月4日的评论记录：门票不贵，不过湖边入口排队太久，进园后心情已经受影响。
R0277,2023年10月5日的评论记录：真有效率，在湖边入口晒了半小时，工作人员一直让我们再等等。
R0278,2023年10月6日的评论记录：朋友说这里适合亲子游，我没有实际去过，暂时无法评价。
R0279,2023年10月7日的评论记录：简餐味道普通，套餐却比菜单标价多收了十元。
R0280,2023年10月8日的评论记录：停车场到森林小径有无障碍坡道和休息座椅，带长辈出行比较方便。
R0281,2023年10月9日的评论记录：东门的工作人员主动帮我们指路，还提醒了安全事项。
R0282,2023年10月10日的评论记录：咨询云台观景台怎么走时，工作人员一直低头玩手机，没有回应。
R0283,2023年10月11日的评论记录：周一上午入园只等了55分钟，检票安排比较顺畅。
R0284,2023年10月12日的评论记录：周一上午在东门排了50分钟，现场也没人说明原因。
R0285,2023年10月13日的评论记录：门票75元，包含接驳车和展馆，整体可以接受。
R0286,2023年10月14日的评论记录：门票75元还要另收摆渡车费，感觉价格不太合理。
R0287,2023年10月15日的评论记录：云台观景台附近没有垃圾，洗手间也很整洁。
R0288,2023年10月16日的评论记录：洗手间有异味，垃圾桶旁边还有没清理的纸巾。
R0289,2023年10月17日的评论记录：景区里的菌菇面热乎，分量也刚好，休息时吃得很舒服。
R0290,2023年10月18日的评论记录：菌菇面又冷又咸，价格还比门口餐馆高不少。
R0291,2023年10月19日的评论记录：从地铁站出来有直达接驳车，到东门很省心。
R0292,2023年10月20日的评论记录：返程接驳车间隔太久，最后只能步行很远去找公交。
R0293,2023年10月21日的评论记录：云台观景台的栈道和座椅维护得不错，老人走起来也方便。
R0294,2023年10月22日的评论记录：观景台护栏松动，几个指示牌也褪色看不清。
R0295,2023年10月23日的评论记录：傍晚在云台观景台看日落很开阔，照片比预想更有层次。
R0296,2023年10月24日的评论记录：当天大雾，云台观景台几乎看不见远处，体验只能说一般。
R0297,2023年10月25日的评论记录：宣传图里的花海面积很大，实际只有入口一小片，落差明显。
R0298,2023年10月26日的评论记录：慢慢逛了半天，没有特别惊喜，也没有明显不舒服的地方。
R0299,2023年10月27日的评论记录：云台观景台景色很好，但路边垃圾较多，工作人员清扫不及时。
R0300,2023年10月28日的评论记录：门票不贵，不过东门排队太久，进园后心情已经受影响。
R0301,2023年10月29日的评论记录：真有效率，在东门晒了半小时，工作人员一直让我们再等等。
R0302,2023年10月30日的评论记录：朋友说这里适合亲子游，我没有实际去过，暂时无法评价。
R0303,2023年10月31日的评论记录：菌菇面味道普通，套餐却比菜单标价多收了十元。
R0304,2023年11月1日的评论记录：停车场到云台观景台有无障碍坡道和休息座椅，带长辈出行比较方便。
R0305,2023年11月2日的评论记录：南门的工作人员主动帮我们指路，还提醒了安全事项。
R0306,2023年11月3日的评论记录：咨询山谷栈道怎么走时，工作人员一直低头玩手机，没有回应。
R0307,2023年11月4日的评论记录：周三下午入园只等了65分钟，检票安排比较顺畅。
R0308,2023年11月5日的评论记录：周三下午在南门排了70分钟，现场也没人说明原因。
R0309,2023年11月6日的评论记录：门票90元，包含接驳车和展馆，整体可以接受。
R0310,2023年11月7日的评论记录：门票90元还要另收摆渡车费，感觉价格不太合理。
R0311,2023年11月8日的评论记录：山谷栈道附近没有垃圾，洗手间也很整洁。
R0312,2023年11月9日的评论记录：洗手间有异味，垃圾桶旁边还有没清理的纸巾。
R0313,2023年11月10日的评论记录：景区里的竹筒饭热乎，分量也刚好，休息时吃得很舒服。
R0314,2023年11月11日的评论记录：竹筒饭又冷又咸，价格还比门口餐馆高不少。
R0315,2023年11月12日的评论记录：从地铁站出来有直达接驳车，到南门很省心。
R0316,2023年11月13日的评论记录：返程接驳车间隔太久，最后只能步行很远去找公交。
R0317,2023年11月14日的评论记录：山谷栈道的栈道和座椅维护得不错，老人走起来也方便。
R0318,2023年11月15日的评论记录：观景台护栏松动，几个指示牌也褪色看不清。
R0319,2023年11月16日的评论记录：傍晚在山谷栈道看日落很开阔，照片比预想更有层次。
R0320,2023年11月17日的评论记录：当天大雾，山谷栈道几乎看不见远处，体验只能说一般。
R0321,2023年11月18日的评论记录：宣传图里的花海面积很大，实际只有入口一小片，落差明显。
R0322,2023年11月19日的评论记录：慢慢逛了半天，没有特别惊喜，也没有明显不舒服的地方。
R0323,2023年11月20日的评论记录：山谷栈道景色很好，但路边垃圾较多，工作人员清扫不及时。
R0324,2023年11月21日的评论记录：门票不贵，不过南门排队太久，进园后心情已经受影响。
R0325,2023年11月22日的评论记录：真有效率，在南门晒了半小时，工作人员一直让我们再等等。
R0326,2023年11月23日的评论记录：朋友说这里适合亲子游，我没有实际去过，暂时无法评价。
R0327,2023年11月24日的评论记录：竹筒饭味道普通，套餐却比菜单标价多收了十元。
R0328,2023年11月25日的评论记录：停车场到山谷栈道有无障碍坡道和休息座椅，带长辈出行比较方便。
R0329,2023年11月26日的评论记录：游客中心的工作人员主动帮我们指路，还提醒了安全事项。
R0330,2023年11月27日的评论记录：咨询湖心步道怎么走时，工作人员一直低头玩手机，没有回应。
R0331,2023年11月28日的评论记录：周五傍晚入园只等了15分钟，检票安排比较顺畅。
R0332,2023年11月29日的评论记录：周五傍晚在游客中心排了90分钟，现场也没人说明原因。
R0333,2023年11月30日的评论记录：门票45元，包含接驳车和展馆，整体可以接受。
R0334,2023年12月1日的评论记录：门票45元还要另收摆渡车费，感觉价格不太合理。
R0335,2023年12月2日的评论记录：湖心步道附近没有垃圾，洗手间也很整洁。
R0336,2023年12月3日的评论记录：洗手间有异味，垃圾桶旁边还有没清理的纸巾。
R0337,2023年12月4日的评论记录：景区里的热汤面热乎，分量也刚好，休息时吃得很舒服。
R0338,2023年12月5日的评论记录：热汤面又冷又咸，价格还比门口餐馆高不少。
R0339,2023年12月6日的评论记录：从地铁站出来有直达接驳车，到游客中心很省心。
R0340,2023年12月7日的评论记录：返程接驳车间隔太久，最后只能步行很远去找公交。
R0341,2023年12月8日的评论记录：湖心步道的栈道和座椅维护得不错，老人走起来也方便。
R0342,2023年12月9日的评论记录：观景台护栏松动，几个指示牌也褪色看不清。
R0343,2023年12月10日的评论记录：傍晚在湖心步道看日落很开阔，照片比预想更有层次。
R0344,2023年12月11日的评论记录：当天大雾，湖心步道几乎看不见远处，体验只能说一般。
R0345,2023年12月12日的评论记录：宣传图里的花海面积很大，实际只有入口一小片，落差明显。
R0346,2023年12月13日的评论记录：慢慢逛了半天，没有特别惊喜，也没有明显不舒服的地方。
R0347,2023年12月14日的评论记录：湖心步道景色很好，但路边垃圾较多，工作人员清扫不及时。
R0348,2023年12月15日的评论记录：门票不贵，不过游客中心排队太久，进园后心情已经受影响。
R0349,2023年12月16日的评论记录：真有效率，在游客中心晒了半小时，工作人员一直让我们再等等。
R0350,2023年12月17日的评论记录：朋友说这里适合亲子游，我没有实际去过，暂时无法评价。
R0351,2023年12月18日的评论记录：热汤面味道普通，套餐却比菜单标价多收了十元。
R0352,2023年12月19日的评论记录：停车场到湖心步道有无障碍坡道和休息座椅，带长辈出行比较方便。
R0353,2023年12月20日的评论记录：索道口的工作人员主动帮我们指路，还提醒了安全事项。
R0354,2023年12月21日的评论记录：咨询古城墙怎么走时，工作人员一直低头玩手机，没有回应。
R0355,2023年12月22日的评论记录：周六上午入园只等了25分钟，检票安排比较顺畅。
R0356,2023年12月23日的评论记录：周六上午在索道口排了110分钟，现场也没人说明原因。
R0357,2023年12月24日的评论记录：门票60元，包含接驳车和展馆，整体可以接受。
R0358,2023年12月25日的评论记录：门票60元还要另收摆渡车费，感觉价格不太合理。
R0359,2023年12月26日的评论记录：古城墙附近没有垃圾，洗手间也很整洁。
R0360,2023年12月27日的评论记录：洗手间有异味，垃圾桶旁边还有没清理的纸巾。
R0361,2023年12月28日的评论记录：景区里的本地小吃热乎，分量也刚好，休息时吃得很舒服。
R0362,2023年12月29日的评论记录：本地小吃又冷又咸，价格还比门口餐馆高不少。
R0363,2023年12月30日的评论记录：从地铁站出来有直达接驳车，到索道口很省心。
R0364,2023年12月31日的评论记录：返程接驳车间隔太久，最后只能步行很远去找公交。
R0365,2024年1月1日的评论记录：古城墙的栈道和座椅维护得不错，老人走起来也方便。
R0366,2024年1月2日的评论记录：观景台护栏松动，几个指示牌也褪色看不清。
R0367,2024年1月3日的评论记录：傍晚在古城墙看日落很开阔，照片比预想更有层次。
R0368,2024年1月4日的评论记录：当天大雾，古城墙几乎看不见远处，体验只能说一般。
R0369,2024年1月5日的评论记录：宣传图里的花海面积很大，实际只有入口一小片，落差明显。
R0370,2024年1月6日的评论记录：慢慢逛了半天，没有特别惊喜，也没有明显不舒服的地方。
R0371,2024年1月7日的评论记录：古城墙景色很好，但路边垃圾较多，工作人员清扫不及时。
R0372,2024年1月8日的评论记录：门票不贵，不过索道口排队太久，进园后心情已经受影响。
R0373,2024年1月9日的评论记录：真有效率，在索道口晒了半小时，工作人员一直让我们再等等。
R0374,2024年1月10日的评论记录：朋友说这里适合亲子游，我没有实际去过，暂时无法评价。
R0375,2024年1月11日的评论记录：本地小吃味道普通，套餐却比菜单标价多收了十元。
R0376,2024年1月12日的评论记录：停车场到古城墙有无障碍坡道和休息座椅，带长辈出行比较方便。
R0377,2024年1月13日的评论记录：湖边入口的工作人员主动帮我们指路，还提醒了安全事项。
R0378,2024年1月14日的评论记录：咨询森林小径怎么走时，工作人员一直低头玩手机，没有回应。
R0379,2024年1月15日的评论记录：节假日早上入园只等了35分钟，检票安排比较顺畅。
R0380,2024年1月16日的评论记录：节假日早上在湖边入口排了130分钟，现场也没人说明原因。
R0381,2024年1月17日的评论记录：门票75元，包含接驳车和展馆，整体可以接受。
R0382,2024年1月18日的评论记录：门票75元还要另收摆渡车费，感觉价格不太合理。
R0383,2024年1月19日的评论记录：森林小径附近没有垃圾，洗手间也很整洁。
R0384,2024年1月20日的评论记录：洗手间有异味，垃圾桶旁边还有没清理的纸巾。
R0385,2024年1月21日的评论记录：景区里的简餐热乎，分量也刚好，休息时吃得很舒服。
R0386,2024年1月22日的评论记录：简餐又冷又咸，价格还比门口餐馆高不少。
R0387,2024年1月23日的评论记录：从地铁站出来有直达接驳车，到湖边入口很省心。
R0388,2024年1月24日的评论记录：返程接驳车间隔太久，最后只能步行很远去找公交。
R0389,2024年1月25日的评论记录：森林小径的栈道和座椅维护得不错，老人走起来也方便。
R0390,2024年1月26日的评论记录：观景台护栏松动，几个指示牌也褪色看不清。
R0391,2024年1月27日的评论记录：傍晚在森林小径看日落很开阔，照片比预想更有层次。
R0392,2024年1月28日的评论记录：当天大雾，森林小径几乎看不见远处，体验只能说一般。
R0393,2024年1月29日的评论记录：宣传图里的花海面积很大，实际只有入口一小片，落差明显。
R0394,2024年1月30日的评论记录：慢慢逛了半天，没有特别惊喜，也没有明显不舒服的地方。
R0395,2024年1月31日的评论记录：森林小径景色很好，但路边垃圾较多，工作人员清扫不及时。
R0396,2024年2月1日的评论记录：门票不贵，不过湖边入口排队太久，进园后心情已经受影响。
R0397,2024年2月2日的评论记录：真有效率，在湖边入口晒了半小时，工作人员一直让我们再等等。
R0398,2024年2月3日的评论记录：朋友说这里适合亲子游，我没有实际去过，暂时无法评价。
R0399,2024年2月4日的评论记录：简餐味道普通，套餐却比菜单标价多收了十元。
R0400,2024年2月5日的评论记录：停车场到森林小径有无障碍坡道和休息座椅，带长辈出行比较方便。
R0401,2024年2月6日的评论记录：东门的工作人员主动帮我们指路，还提醒了安全事项。
R0402,2024年2月7日的评论记录：咨询云台观景台怎么走时，工作人员一直低头玩手机，没有回应。
R0403,2024年2月8日的评论记录：周一上午入园只等了45分钟，检票安排比较顺畅。
R0404,2024年2月9日的评论记录：周一上午在东门排了50分钟，现场也没人说明原因。
R0405,2024年2月10日的评论记录：门票90元，包含接驳车和展馆，整体可以接受。
R0406,2024年2月11日的评论记录：门票90元还要另收摆渡车费，感觉价格不太合理。
R0407,2024年2月12日的评论记录：云台观景台附近没有垃圾，洗手间也很整洁。
R0408,2024年2月13日的评论记录：洗手间有异味，垃圾桶旁边还有没清理的纸巾。
R0409,2024年2月14日的评论记录：景区里的菌菇面热乎，分量也刚好，休息时吃得很舒服。
R0410,2024年2月15日的评论记录：菌菇面又冷又咸，价格还比门口餐馆高不少。
R0411,2024年2月16日的评论记录：从地铁站出来有直达接驳车，到东门很省心。
R0412,2024年2月17日的评论记录：返程接驳车间隔太久，最后只能步行很远去找公交。
R0413,2024年2月18日的评论记录：云台观景台的栈道和座椅维护得不错，老人走起来也方便。
R0414,2024年2月19日的评论记录：观景台护栏松动，几个指示牌也褪色看不清。
R0415,2024年2月20日的评论记录：傍晚在云台观景台看日落很开阔，照片比预想更有层次。
R0416,2024年2月21日的评论记录：当天大雾，云台观景台几乎看不见远处，体验只能说一般。
R0417,2024年2月22日的评论记录：宣传图里的花海面积很大，实际只有入口一小片，落差明显。
R0418,2024年2月23日的评论记录：慢慢逛了半天，没有特别惊喜，也没有明显不舒服的地方。
R0419,2024年2月24日的评论记录：云台观景台景色很好，但路边垃圾较多，工作人员清扫不及时。
R0420,2024年2月25日的评论记录：门票不贵，不过东门排队太久，进园后心情已经受影响。
R0421,2024年2月26日的评论记录：真有效率，在东门晒了半小时，工作人员一直让我们再等等。
R0422,2024年2月27日的评论记录：朋友说这里适合亲子游，我没有实际去过，暂时无法评价。
R0423,2024年2月28日的评论记录：菌菇面味道普通，套餐却比菜单标价多收了十元。
R0424,2024年2月29日的评论记录：停车场到云台观景台有无障碍坡道和休息座椅，带长辈出行比较方便。
R0425,2024年3月1日的评论记录：南门的工作人员主动帮我们指路，还提醒了安全事项。
R0426,2024年3月2日的评论记录：咨询山谷栈道怎么走时，工作人员一直低头玩手机，没有回应。
R0427,2024年3月3日的评论记录：周三下午入园只等了55分钟，检票安排比较顺畅。
R0428,2024年3月4日的评论记录：周三下午在南门排了70分钟，现场也没人说明原因。
R0429,2024年3月5日的评论记录：门票45元，包含接驳车和展馆，整体可以接受。
R0430,2024年3月6日的评论记录：门票45元还要另收摆渡车费，感觉价格不太合理。
R0431,2024年3月7日的评论记录：山谷栈道附近没有垃圾，洗手间也很整洁。
R0432,2024年3月8日的评论记录：洗手间有异味，垃圾桶旁边还有没清理的纸巾。
R0433,2024年3月9日的评论记录：景区里的竹筒饭热乎，分量也刚好，休息时吃得很舒服。
R0434,2024年3月10日的评论记录：竹筒饭又冷又咸，价格还比门口餐馆高不少。
R0435,2024年3月11日的评论记录：从地铁站出来有直达接驳车，到南门很省心。
R0436,2024年3月12日的评论记录：返程接驳车间隔太久，最后只能步行很远去找公交。
R0437,2024年3月13日的评论记录：山谷栈道的栈道和座椅维护得不错，老人走起来也方便。
R0438,2024年3月14日的评论记录：观景台护栏松动，几个指示牌也褪色看不清。
R0439,2024年3月15日的评论记录：傍晚在山谷栈道看日落很开阔，照片比预想更有层次。
R0440,2024年3月16日的评论记录：当天大雾，山谷栈道几乎看不见远处，体验只能说一般。
R0441,2024年3月17日的评论记录：宣传图里的花海面积很大，实际只有入口一小片，落差明显。
R0442,2024年3月18日的评论记录：慢慢逛了半天，没有特别惊喜，也没有明显不舒服的地方。
R0443,2024年3月19日的评论记录：山谷栈道景色很好，但路边垃圾较多，工作人员清扫不及时。
R0444,2024年3月20日的评论记录：门票不贵，不过南门排队太久，进园后心情已经受影响。
R0445,2024年3月21日的评论记录：真有效率，在南门晒了半小时，工作人员一直让我们再等等。
R0446,2024年3月22日的评论记录：朋友说这里适合亲子游，我没有实际去过，暂时无法评价。
R0447,2024年3月23日的评论记录：竹筒饭味道普通，套餐却比菜单标价多收了十元。
R0448,2024年3月24日的评论记录：停车场到山谷栈道有无障碍坡道和休息座椅，带长辈出行比较方便。
R0449,2024年3月25日的评论记录：游客中心的工作人员主动帮我们指路，还提醒了安全事项。
R0450,2024年3月26日的评论记录：咨询湖心步道怎么走时，工作人员一直低头玩手机，没有回应。
R0451,2024年3月27日的评论记录：周五傍晚入园只等了65分钟，检票安排比较顺畅。
R0452,2024年3月28日的评论记录：周五傍晚在游客中心排了90分钟，现场也没人说明原因。
R0453,2024年3月29日的评论记录：门票60元，包含接驳车和展馆，整体可以接受。
R0454,2024年3月30日的评论记录：门票60元还要另收摆渡车费，感觉价格不太合理。
R0455,2024年3月31日的评论记录：湖心步道附近没有垃圾，洗手间也很整洁。
R0456,2024年4月1日的评论记录：洗手间有异味，垃圾桶旁边还有没清理的纸巾。
R0457,2024年4月2日的评论记录：景区里的热汤面热乎，分量也刚好，休息时吃得很舒服。
R0458,2024年4月3日的评论记录：热汤面又冷又咸，价格还比门口餐馆高不少。
R0459,2024年4月4日的评论记录：从地铁站出来有直达接驳车，到游客中心很省心。
R0460,2024年4月5日的评论记录：返程接驳车间隔太久，最后只能步行很远去找公交。
R0461,2024年4月6日的评论记录：湖心步道的栈道和座椅维护得不错，老人走起来也方便。
R0462,2024年4月7日的评论记录：观景台护栏松动，几个指示牌也褪色看不清。
R0463,2024年4月8日的评论记录：傍晚在湖心步道看日落很开阔，照片比预想更有层次。
R0464,2024年4月9日的评论记录：当天大雾，湖心步道几乎看不见远处，体验只能说一般。
R0465,2024年4月10日的评论记录：宣传图里的花海面积很大，实际只有入口一小片，落差明显。
R0466,2024年4月11日的评论记录：慢慢逛了半天，没有特别惊喜，也没有明显不舒服的地方。
R0467,2024年4月12日的评论记录：湖心步道景色很好，但路边垃圾较多，工作人员清扫不及时。
R0468,2024年4月13日的评论记录：门票不贵，不过游客中心排队太久，进园后心情已经受影响。
R0469,2024年4月14日的评论记录：真有效率，在游客中心晒了半小时，工作人员一直让我们再等等。
R0470,2024年4月15日的评论记录：朋友说这里适合亲子游，我没有实际去过，暂时无法评价。
R0471,2024年4月16日的评论记录：热汤面味道普通，套餐却比菜单标价多收了十元。
R0472,2024年4月17日的评论记录：停车场到湖心步道有无障碍坡道和休息座椅，带长辈出行比较方便。
R0473,2024年4月18日的评论记录：索道口的工作人员主动帮我们指路，还提醒了安全事项。
R0474,2024年4月19日的评论记录：咨询古城墙怎么走时，工作人员一直低头玩手机，没有回应。
R0475,2024年4月20日的评论记录：周六上午入园只等了15分钟，检票安排比较顺畅。
R0476,2024年4月21日的评论记录：周六上午在索道口排了110分钟，现场也没人说明原因。
R0477,2024年4月22日的评论记录：门票75元，包含接驳车和展馆，整体可以接受。
R0478,2024年4月23日的评论记录：门票75元还要另收摆渡车费，感觉价格不太合理。
R0479,2024年4月24日的评论记录：古城墙附近没有垃圾，洗手间也很整洁。
R0480,2024年4月25日的评论记录：洗手间有异味，垃圾桶旁边还有没清理的纸巾。
R0481,2024年4月26日的评论记录：景区里的本地小吃热乎，分量也刚好，休息时吃得很舒服。
R0482,2024年4月27日的评论记录：本地小吃又冷又咸，价格还比门口餐馆高不少。
R0483,2024年4月28日的评论记录：从地铁站出来有直达接驳车，到索道口很省心。
R0484,2024年4月29日的评论记录：返程接驳车间隔太久，最后只能步行很远去找公交。
R0485,2024年4月30日的评论记录：古城墙的栈道和座椅维护得不错，老人走起来也方便。
R0486,2024年5月1日的评论记录：观景台护栏松动，几个指示牌也褪色看不清。
R0487,2024年5月2日的评论记录：傍晚在古城墙看日落很开阔，照片比预想更有层次。
R0488,2024年5月3日的评论记录：当天大雾，古城墙几乎看不见远处，体验只能说一般。
R0489,2024年5月4日的评论记录：宣传图里的花海面积很大，实际只有入口一小片，落差明显。
R0490,2024年5月5日的评论记录：慢慢逛了半天，没有特别惊喜，也没有明显不舒服的地方。
R0491,2024年5月6日的评论记录：古城墙景色很好，但路边垃圾较多，工作人员清扫不及时。
R0492,2024年5月7日的评论记录：门票不贵，不过索道口排队太久，进园后心情已经受影响。
R0493,2024年5月8日的评论记录：真有效率，在索道口晒了半小时，工作人员一直让我们再等等。
R0494,2024年5月9日的评论记录：朋友说这里适合亲子游，我没有实际去过，暂时无法评价。
R0495,2024年5月10日的评论记录：本地小吃味道普通，套餐却比菜单标价多收了十元。
R0496,2024年5月11日的评论记录：停车场到古城墙有无障碍坡道和休息座椅，带长辈出行比较方便。
R0497,2024年5月12日的评论记录：湖边入口的工作人员主动帮我们指路，还提醒了安全事项。
R0498,2024年5月13日的评论记录：咨询森林小径怎么走时，工作人员一直低头玩手机，没有回应。
R0499,2024年5月14日的评论记录：节假日早上入园只等了25分钟，检票安排比较顺畅。
R0500,2024年5月15日的评论记录：节假日早上在湖边入口排了130分钟，现场也没人说明原因。
R0501,2024年5月16日的评论记录：门票90元，包含接驳车和展馆，整体可以接受。
R0502,2024年5月17日的评论记录：门票90元还要另收摆渡车费，感觉价格不太合理。
R0503,2024年5月18日的评论记录：森林小径附近没有垃圾，洗手间也很整洁。
R0504,2024年5月19日的评论记录：洗手间有异味，垃圾桶旁边还有没清理的纸巾。
R0505,2024年5月20日的评论记录：景区里的简餐热乎，分量也刚好，休息时吃得很舒服。
R0506,2024年5月21日的评论记录：简餐又冷又咸，价格还比门口餐馆高不少。
R0507,2024年5月22日的评论记录：从地铁站出来有直达接驳车，到湖边入口很省心。
R0508,2024年5月23日的评论记录：返程接驳车间隔太久，最后只能步行很远去找公交。
R0509,2024年5月24日的评论记录：森林小径的栈道和座椅维护得不错，老人走起来也方便。
R0510,2024年5月25日的评论记录：观景台护栏松动，几个指示牌也褪色看不清。
R0511,2024年5月26日的评论记录：傍晚在森林小径看日落很开阔，照片比预想更有层次。
R0512,2024年5月27日的评论记录：当天大雾，森林小径几乎看不见远处，体验只能说一般。
R0513,2024年5月28日的评论记录：宣传图里的花海面积很大，实际只有入口一小片，落差明显。
R0514,2024年5月29日的评论记录：慢慢逛了半天，没有特别惊喜，也没有明显不舒服的地方。
R0515,2024年5月30日的评论记录：森林小径景色很好，但路边垃圾较多，工作人员清扫不及时。
R0516,2024年5月31日的评论记录：门票不贵，不过湖边入口排队太久，进园后心情已经受影响。
R0517,2024年6月1日的评论记录：真有效率，在湖边入口晒了半小时，工作人员一直让我们再等等。
R0518,2024年6月2日的评论记录：朋友说这里适合亲子游，我没有实际去过，暂时无法评价。
R0519,2024年6月3日的评论记录：简餐味道普通，套餐却比菜单标价多收了十元。
R0520,2024年6月4日的评论记录：停车场到森林小径有无障碍坡道和休息座椅，带长辈出行比较方便。
R0521,2024年6月5日的评论记录：东门的工作人员主动帮我们指路，还提醒了安全事项。
R0522,2024年6月6日的评论记录：咨询云台观景台怎么走时，工作人员一直低头玩手机，没有回应。
R0523,2024年6月7日的评论记录：周一上午入园只等了35分钟，检票安排比较顺畅。
R0524,2024年6月8日的评论记录：周一上午在东门排了50分钟，现场也没人说明原因。
R0525,2024年6月9日的评论记录：门票45元，包含接驳车和展馆，整体可以接受。
R0526,2024年6月10日的评论记录：门票45元还要另收摆渡车费，感觉价格不太合理。
R0527,2024年6月11日的评论记录：云台观景台附近没有垃圾，洗手间也很整洁。
R0528,2024年6月12日的评论记录：洗手间有异味，垃圾桶旁边还有没清理的纸巾。
R0529,2024年6月13日的评论记录：景区里的菌菇面热乎，分量也刚好，休息时吃得很舒服。
R0530,2024年6月14日的评论记录：菌菇面又冷又咸，价格还比门口餐馆高不少。
R0531,2024年6月15日的评论记录：从地铁站出来有直达接驳车，到东门很省心。
R0532,2024年6月16日的评论记录：返程接驳车间隔太久，最后只能步行很远去找公交。
R0533,2024年6月17日的评论记录：云台观景台的栈道和座椅维护得不错，老人走起来也方便。
R0534,2024年6月18日的评论记录：观景台护栏松动，几个指示牌也褪色看不清。
R0535,2024年6月19日的评论记录：傍晚在云台观景台看日落很开阔，照片比预想更有层次。
R0536,2024年6月20日的评论记录：当天大雾，云台观景台几乎看不见远处，体验只能说一般。
R0537,2024年6月21日的评论记录：宣传图里的花海面积很大，实际只有入口一小片，落差明显。
R0538,2024年6月22日的评论记录：慢慢逛了半天，没有特别惊喜，也没有明显不舒服的地方。
R0539,2024年6月23日的评论记录：云台观景台景色很好，但路边垃圾较多，工作人员清扫不及时。
R0540,2024年6月24日的评论记录：门票不贵，不过东门排队太久，进园后心情已经受影响。
R0541,2024年6月25日的评论记录：真有效率，在东门晒了半小时，工作人员一直让我们再等等。
R0542,2024年6月26日的评论记录：朋友说这里适合亲子游，我没有实际去过，暂时无法评价。
R0543,2024年6月27日的评论记录：菌菇面味道普通，套餐却比菜单标价多收了十元。
R0544,2024年6月28日的评论记录：停车场到云台观景台有无障碍坡道和休息座椅，带长辈出行比较方便。
R0545,2024年6月29日的评论记录：南门的工作人员主动帮我们指路，还提醒了安全事项。
R0546,2024年6月30日的评论记录：咨询山谷栈道怎么走时，工作人员一直低头玩手机，没有回应。
R0547,2024年7月1日的评论记录：周三下午入园只等了45分钟，检票安排比较顺畅。
R0548,2024年7月2日的评论记录：周三下午在南门排了70分钟，现场也没人说明原因。
R0549,2024年7月3日的评论记录：门票60元，包含接驳车和展馆，整体可以接受。
R0550,2024年7月4日的评论记录：门票60元还要另收摆渡车费，感觉价格不太合理。
R0551,2024年7月5日的评论记录：山谷栈道附近没有垃圾，洗手间也很整洁。
R0552,2024年7月6日的评论记录：洗手间有异味，垃圾桶旁边还有没清理的纸巾。
R0553,2024年7月7日的评论记录：景区里的竹筒饭热乎，分量也刚好，休息时吃得很舒服。
R0554,2024年7月8日的评论记录：竹筒饭又冷又咸，价格还比门口餐馆高不少。
R0555,2024年7月9日的评论记录：从地铁站出来有直达接驳车，到南门很省心。
R0556,2024年7月10日的评论记录：返程接驳车间隔太久，最后只能步行很远去找公交。
R0557,2024年7月11日的评论记录：山谷栈道的栈道和座椅维护得不错，老人走起来也方便。
R0558,2024年7月12日的评论记录：观景台护栏松动，几个指示牌也褪色看不清。
R0559,2024年7月13日的评论记录：傍晚在山谷栈道看日落很开阔，照片比预想更有层次。
R0560,2024年7月14日的评论记录：当天大雾，山谷栈道几乎看不见远处，体验只能说一般。
R0561,2024年7月15日的评论记录：宣传图里的花海面积很大，实际只有入口一小片，落差明显。
R0562,2024年7月16日的评论记录：慢慢逛了半天，没有特别惊喜，也没有明显不舒服的地方。
R0563,2024年7月17日的评论记录：山谷栈道景色很好，但路边垃圾较多，工作人员清扫不及时。
R0564,2024年7月18日的评论记录：门票不贵，不过南门排队太久，进园后心情已经受影响。
R0565,2024年7月19日的评论记录：真有效率，在南门晒了半小时，工作人员一直让我们再等等。
R0566,2024年7月20日的评论记录：朋友说这里适合亲子游，我没有实际去过，暂时无法评价。
R0567,2024年7月21日的评论记录：竹筒饭味道普通，套餐却比菜单标价多收了十元。
R0568,2024年7月22日的评论记录：停车场到山谷栈道有无障碍坡道和休息座椅，带长辈出行比较方便。
R0569,2024年7月23日的评论记录：游客中心的工作人员主动帮我们指路，还提醒了安全事项。
R0570,2024年7月24日的评论记录：咨询湖心步道怎么走时，工作人员一直低头玩手机，没有回应。
R0571,2024年7月25日的评论记录：周五傍晚入园只等了55分钟，检票安排比较顺畅。
R0572,2024年7月26日的评论记录：周五傍晚在游客中心排了90分钟，现场也没人说明原因。
R0573,2024年7月27日的评论记录：门票75元，包含接驳车和展馆，整体可以接受。
R0574,2024年7月28日的评论记录：门票75元还要另收摆渡车费，感觉价格不太合理。
R0575,2024年7月29日的评论记录：湖心步道附近没有垃圾，洗手间也很整洁。
R0576,2024年7月30日的评论记录：洗手间有异味，垃圾桶旁边还有没清理的纸巾。
R0577,2024年7月31日的评论记录：景区里的热汤面热乎，分量也刚好，休息时吃得很舒服。
R0578,2024年8月1日的评论记录：热汤面又冷又咸，价格还比门口餐馆高不少。
R0579,2024年8月2日的评论记录：从地铁站出来有直达接驳车，到游客中心很省心。
R0580,2024年8月3日的评论记录：返程接驳车间隔太久，最后只能步行很远去找公交。
R0581,2024年8月4日的评论记录：湖心步道的栈道和座椅维护得不错，老人走起来也方便。
R0582,2024年8月5日的评论记录：观景台护栏松动，几个指示牌也褪色看不清。
R0583,2024年8月6日的评论记录：傍晚在湖心步道看日落很开阔，照片比预想更有层次。
R0584,2024年8月7日的评论记录：当天大雾，湖心步道几乎看不见远处，体验只能说一般。
R0585,2024年8月8日的评论记录：宣传图里的花海面积很大，实际只有入口一小片，落差明显。
R0586,2024年8月9日的评论记录：慢慢逛了半天，没有特别惊喜，也没有明显不舒服的地方。
R0587,2024年8月10日的评论记录：湖心步道景色很好，但路边垃圾较多，工作人员清扫不及时。
R0588,2024年8月11日的评论记录：门票不贵，不过游客中心排队太久，进园后心情已经受影响。
R0589,2024年8月12日的评论记录：真有效率，在游客中心晒了半小时，工作人员一直让我们再等等。
R0590,2024年8月13日的评论记录：朋友说这里适合亲子游，我没有实际去过，暂时无法评价。
R0591,2024年8月14日的评论记录：热汤面味道普通，套餐却比菜单标价多收了十元。
R0592,2024年8月15日的评论记录：停车场到湖心步道有无障碍坡道和休息座椅，带长辈出行比较方便。
R0593,2024年8月16日的评论记录：索道口的工作人员主动帮我们指路，还提醒了安全事项。
R0594,2024年8月17日的评论记录：咨询古城墙怎么走时，工作人员一直低头玩手机，没有回应。
R0595,2024年8月18日的评论记录：周六上午入园只等了65分钟，检票安排比较顺畅。
R0596,2024年8月19日的评论记录：周六上午在索道口排了110分钟，现场也没人说明原因。
R0597,2024年8月20日的评论记录：门票90元，包含接驳车和展馆，整体可以接受。
R0598,2024年8月21日的评论记录：门票90元还要另收摆渡车费，感觉价格不太合理。
R0599,2024年8月22日的评论记录：古城墙附近没有垃圾，洗手间也很整洁。
R0600,2024年8月23日的评论记录：洗手间有异味，垃圾桶旁边还有没清理的纸巾。
R0601,2024年8月24日的评论记录：景区里的本地小吃热乎，分量也刚好，休息时吃得很舒服。
R0602,2024年8月25日的评论记录：本地小吃又冷又咸，价格还比门口餐馆高不少。
R0603,2024年8月26日的评论记录：从地铁站出来有直达接驳车，到索道口很省心。
R0604,2024年8月27日的评论记录：返程接驳车间隔太久，最后只能步行很远去找公交。
R0605,2024年8月28日的评论记录：古城墙的栈道和座椅维护得不错，老人走起来也方便。
R0606,2024年8月29日的评论记录：观景台护栏松动，几个指示牌也褪色看不清。
R0607,2024年8月30日的评论记录：傍晚在古城墙看日落很开阔，照片比预想更有层次。
R0608,2024年8月31日的评论记录：当天大雾，古城墙几乎看不见远处，体验只能说一般。
R0609,2024年9月1日的评论记录：宣传图里的花海面积很大，实际只有入口一小片，落差明显。
R0610,2024年9月2日的评论记录：慢慢逛了半天，没有特别惊喜，也没有明显不舒服的地方。
R0611,2024年9月3日的评论记录：古城墙景色很好，但路边垃圾较多，工作人员清扫不及时。
R0612,2024年9月4日的评论记录：门票不贵，不过索道口排队太久，进园后心情已经受影响。
R0613,2024年9月5日的评论记录：真有效率，在索道口晒了半小时，工作人员一直让我们再等等。
R0614,2024年9月6日的评论记录：朋友说这里适合亲子游，我没有实际去过，暂时无法评价。
R0615,2024年9月7日的评论记录：本地小吃味道普通，套餐却比菜单标价多收了十元。
R0616,2024年9月8日的评论记录：停车场到古城墙有无障碍坡道和休息座椅，带长辈出行比较方便。
R0617,2024年9月9日的评论记录：湖边入口的工作人员主动帮我们指路，还提醒了安全事项。
R0618,2024年9月10日的评论记录：咨询森林小径怎么走时，工作人员一直低头玩手机，没有回应。
R0619,2024年9月11日的评论记录：节假日早上入园只等了15分钟，检票安排比较顺畅。
R0620,2024年9月12日的评论记录：节假日早上在湖边入口排了130分钟，现场也没人说明原因。
R0621,2024年9月13日的评论记录：门票45元，包含接驳车和展馆，整体可以接受。
R0622,2024年9月14日的评论记录：门票45元还要另收摆渡车费，感觉价格不太合理。
R0623,2024年9月15日的评论记录：森林小径附近没有垃圾，洗手间也很整洁。
R0624,2024年9月16日的评论记录：洗手间有异味，垃圾桶旁边还有没清理的纸巾。
R0625,2024年9月17日的评论记录：景区里的简餐热乎，分量也刚好，休息时吃得很舒服。
R0626,2024年9月18日的评论记录：简餐又冷又咸，价格还比门口餐馆高不少。
R0627,2024年9月19日的评论记录：从地铁站出来有直达接驳车，到湖边入口很省心。
R0628,2024年9月20日的评论记录：返程接驳车间隔太久，最后只能步行很远去找公交。
R0629,2024年9月21日的评论记录：森林小径的栈道和座椅维护得不错，老人走起来也方便。
R0630,2024年9月22日的评论记录：观景台护栏松动，几个指示牌也褪色看不清。
R0631,2024年9月23日的评论记录：傍晚在森林小径看日落很开阔，照片比预想更有层次。
R0632,2024年9月24日的评论记录：当天大雾，森林小径几乎看不见远处，体验只能说一般。
R0633,2024年9月25日的评论记录：宣传图里的花海面积很大，实际只有入口一小片，落差明显。
R0634,2024年9月26日的评论记录：慢慢逛了半天，没有特别惊喜，也没有明显不舒服的地方。
R0635,2024年9月27日的评论记录：森林小径景色很好，但路边垃圾较多，工作人员清扫不及时。
R0636,2024年9月28日的评论记录：门票不贵，不过湖边入口排队太久，进园后心情已经受影响。
R0637,2024年9月29日的评论记录：真有效率，在湖边入口晒了半小时，工作人员一直让我们再等等。
R0638,2024年9月30日的评论记录：朋友说这里适合亲子游，我没有实际去过，暂时无法评价。
R0639,2024年10月1日的评论记录：简餐味道普通，套餐却比菜单标价多收了十元。
R0640,2024年10月2日的评论记录：停车场到森林小径有无障碍坡道和休息座椅，带长辈出行比较方便。
R0641,2024年10月3日的评论记录：东门的工作人员主动帮我们指路，还提醒了安全事项。
R0642,2024年10月4日的评论记录：咨询云台观景台怎么走时，工作人员一直低头玩手机，没有回应。
R0643,2024年10月5日的评论记录：周一上午入园只等了25分钟，检票安排比较顺畅。
R0644,2024年10月6日的评论记录：周一上午在东门排了50分钟，现场也没人说明原因。
R0645,2024年10月7日的评论记录：门票60元，包含接驳车和展馆，整体可以接受。
R0646,2024年10月8日的评论记录：门票60元还要另收摆渡车费，感觉价格不太合理。
R0647,2024年10月9日的评论记录：云台观景台附近没有垃圾，洗手间也很整洁。
R0648,2024年10月10日的评论记录：洗手间有异味，垃圾桶旁边还有没清理的纸巾。
R0649,2024年10月11日的评论记录：景区里的菌菇面热乎，分量也刚好，休息时吃得很舒服。
R0650,2024年10月12日的评论记录：菌菇面又冷又咸，价格还比门口餐馆高不少。
R0651,2024年10月13日的评论记录：从地铁站出来有直达接驳车，到东门很省心。
R0652,2024年10月14日的评论记录：返程接驳车间隔太久，最后只能步行很远去找公交。
R0653,2024年10月15日的评论记录：云台观景台的栈道和座椅维护得不错，老人走起来也方便。
R0654,2024年10月16日的评论记录：观景台护栏松动，几个指示牌也褪色看不清。
R0655,2024年10月17日的评论记录：傍晚在云台观景台看日落很开阔，照片比预想更有层次。
R0656,2024年10月18日的评论记录：当天大雾，云台观景台几乎看不见远处，体验只能说一般。
R0657,2024年10月19日的评论记录：宣传图里的花海面积很大，实际只有入口一小片，落差明显。
R0658,2024年10月20日的评论记录：慢慢逛了半天，没有特别惊喜，也没有明显不舒服的地方。
R0659,2024年10月21日的评论记录：云台观景台景色很好，但路边垃圾较多，工作人员清扫不及时。
R0660,2024年10月22日的评论记录：门票不贵，不过东门排队太久，进园后心情已经受影响。
R0661,2024年10月23日的评论记录：真有效率，在东门晒了半小时，工作人员一直让我们再等等。
R0662,2024年10月24日的评论记录：朋友说这里适合亲子游，我没有实际去过，暂时无法评价。
R0663,2024年10月25日的评论记录：菌菇面味道普通，套餐却比菜单标价多收了十元。
R0664,2024年10月26日的评论记录：停车场到云台观景台有无障碍坡道和休息座椅，带长辈出行比较方便。
R0665,2024年10月27日的评论记录：南门的工作人员主动帮我们指路，还提醒了安全事项。
R0666,2024年10月28日的评论记录：咨询山谷栈道怎么走时，工作人员一直低头玩手机，没有回应。
R0667,2024年10月29日的评论记录：周三下午入园只等了35分钟，检票安排比较顺畅。
R0668,2024年10月30日的评论记录：周三下午在南门排了70分钟，现场也没人说明原因。
R0669,2024年10月31日的评论记录：门票75元，包含接驳车和展馆，整体可以接受。
R0670,2024年11月1日的评论记录：门票75元还要另收摆渡车费，感觉价格不太合理。
R0671,2024年11月2日的评论记录：山谷栈道附近没有垃圾，洗手间也很整洁。
R0672,2024年11月3日的评论记录：洗手间有异味，垃圾桶旁边还有没清理的纸巾。
R0673,2024年11月4日的评论记录：景区里的竹筒饭热乎，分量也刚好，休息时吃得很舒服。
R0674,2024年11月5日的评论记录：竹筒饭又冷又咸，价格还比门口餐馆高不少。
R0675,2024年11月6日的评论记录：从地铁站出来有直达接驳车，到南门很省心。
R0676,2024年11月7日的评论记录：返程接驳车间隔太久，最后只能步行很远去找公交。
R0677,2024年11月8日的评论记录：山谷栈道的栈道和座椅维护得不错，老人走起来也方便。
R0678,2024年11月9日的评论记录：观景台护栏松动，几个指示牌也褪色看不清。
R0679,2024年11月10日的评论记录：傍晚在山谷栈道看日落很开阔，照片比预想更有层次。
R0680,2024年11月11日的评论记录：当天大雾，山谷栈道几乎看不见远处，体验只能说一般。
R0681,2024年11月12日的评论记录：宣传图里的花海面积很大，实际只有入口一小片，落差明显。
R0682,2024年11月13日的评论记录：慢慢逛了半天，没有特别惊喜，也没有明显不舒服的地方。
R0683,2024年11月14日的评论记录：山谷栈道景色很好，但路边垃圾较多，工作人员清扫不及时。
R0684,2024年11月15日的评论记录：门票不贵，不过南门排队太久，进园后心情已经受影响。
R0685,2024年11月16日的评论记录：真有效率，在南门晒了半小时，工作人员一直让我们再等等。
R0686,2024年11月17日的评论记录：朋友说这里适合亲子游，我没有实际去过，暂时无法评价。
R0687,2024年11月18日的评论记录：竹筒饭味道普通，套餐却比菜单标价多收了十元。
R0688,2024年11月19日的评论记录：停车场到山谷栈道有无障碍坡道和休息座椅，带长辈出行比较方便。
R0689,2024年11月20日的评论记录：游客中心的工作人员主动帮我们指路，还提醒了安全事项。
R0690,2024年11月21日的评论记录：咨询湖心步道怎么走时，工作人员一直低头玩手机，没有回应。
R0691,2024年11月22日的评论记录：周五傍晚入园只等了45分钟，检票安排比较顺畅。
R0692,2024年11月23日的评论记录：周五傍晚在游客中心排了90分钟，现场也没人说明原因。
R0693,2024年11月24日的评论记录：门票90元，包含接驳车和展馆，整体可以接受。
R0694,2024年11月25日的评论记录：门票90元还要另收摆渡车费，感觉价格不太合理。
R0695,2024年11月26日的评论记录：湖心步道附近没有垃圾，洗手间也很整洁。
R0696,2024年11月27日的评论记录：洗手间有异味，垃圾桶旁边还有没清理的纸巾。
R0697,2024年11月28日的评论记录：景区里的热汤面热乎，分量也刚好，休息时吃得很舒服。
R0698,2024年11月29日的评论记录：热汤面又冷又咸，价格还比门口餐馆高不少。
R0699,2024年11月30日的评论记录：从地铁站出来有直达接驳车，到游客中心很省心。
R0700,2024年12月1日的评论记录：返程接驳车间隔太久，最后只能步行很远去找公交。
R0701,2024年12月2日的评论记录：湖心步道的栈道和座椅维护得不错，老人走起来也方便。
R0702,2024年12月3日的评论记录：观景台护栏松动，几个指示牌也褪色看不清。
R0703,2024年12月4日的评论记录：傍晚在湖心步道看日落很开阔，照片比预想更有层次。
R0704,2024年12月5日的评论记录：当天大雾，湖心步道几乎看不见远处，体验只能说一般。
R0705,2024年12月6日的评论记录：宣传图里的花海面积很大，实际只有入口一小片，落差明显。
R0706,2024年12月7日的评论记录：慢慢逛了半天，没有特别惊喜，也没有明显不舒服的地方。
R0707,2024年12月8日的评论记录：湖心步道景色很好，但路边垃圾较多，工作人员清扫不及时。
R0708,2024年12月9日的评论记录：门票不贵，不过游客中心排队太久，进园后心情已经受影响。
R0709,2024年12月10日的评论记录：真有效率，在游客中心晒了半小时，工作人员一直让我们再等等。
R0710,2024年12月11日的评论记录：朋友说这里适合亲子游，我没有实际去过，暂时无法评价。
R0711,2024年12月12日的评论记录：热汤面味道普通，套餐却比菜单标价多收了十元。
R0712,2024年12月13日的评论记录：停车场到湖心步道有无障碍坡道和休息座椅，带长辈出行比较方便。
R0713,2024年12月14日的评论记录：索道口的工作人员主动帮我们指路，还提醒了安全事项。
R0714,2024年12月15日的评论记录：咨询古城墙怎么走时，工作人员一直低头玩手机，没有回应。
R0715,2024年12月16日的评论记录：周六上午入园只等了55分钟，检票安排比较顺畅。
R0716,2024年12月17日的评论记录：周六上午在索道口排了110分钟，现场也没人说明原因。
R0717,2024年12月18日的评论记录：门票45元，包含接驳车和展馆，整体可以接受。
R0718,2024年12月19日的评论记录：门票45元还要另收摆渡车费，感觉价格不太合理。
R0719,2024年12月20日的评论记录：古城墙附近没有垃圾，洗手间也很整洁。
R0720,2024年12月21日的评论记录：洗手间有异味，垃圾桶旁边还有没清理的纸巾。
R0721,2024年12月22日的评论记录：景区里的本地小吃热乎，分量也刚好，休息时吃得很舒服。
R0722,2024年12月23日的评论记录：本地小吃又冷又咸，价格还比门口餐馆高不少。
R0723,2024年12月24日的评论记录：从地铁站出来有直达接驳车，到索道口很省心。
R0724,2024年12月25日的评论记录：返程接驳车间隔太久，最后只能步行很远去找公交。
R0725,2024年12月26日的评论记录：古城墙的栈道和座椅维护得不错，老人走起来也方便。
R0726,2024年12月27日的评论记录：观景台护栏松动，几个指示牌也褪色看不清。
R0727,2024年12月28日的评论记录：傍晚在古城墙看日落很开阔，照片比预想更有层次。
R0728,2024年12月29日的评论记录：当天大雾，古城墙几乎看不见远处，体验只能说一般。
R0729,2024年12月30日的评论记录：宣传图里的花海面积很大，实际只有入口一小片，落差明显。
R0730,2024年12月31日的评论记录：慢慢逛了半天，没有特别惊喜，也没有明显不舒服的地方。
R0731,2025年1月1日的评论记录：古城墙景色很好，但路边垃圾较多，工作人员清扫不及时。
R0732,2025年1月2日的评论记录：门票不贵，不过索道口排队太久，进园后心情已经受影响。
R0733,2025年1月3日的评论记录：真有效率，在索道口晒了半小时，工作人员一直让我们再等等。
R0734,2025年1月4日的评论记录：朋友说这里适合亲子游，我没有实际去过，暂时无法评价。
R0735,2025年1月5日的评论记录：本地小吃味道普通，套餐却比菜单标价多收了十元。
R0736,2025年1月6日的评论记录：停车场到古城墙有无障碍坡道和休息座椅，带长辈出行比较方便。
R0737,2025年1月7日的评论记录：湖边入口的工作人员主动帮我们指路，还提醒了安全事项。
R0738,2025年1月8日的评论记录：咨询森林小径怎么走时，工作人员一直低头玩手机，没有回应。
R0739,2025年1月9日的评论记录：节假日早上入园只等了65分钟，检票安排比较顺畅。
R0740,2025年1月10日的评论记录：节假日早上在湖边入口排了130分钟，现场也没人说明原因。
R0741,2025年1月11日的评论记录：门票60元，包含接驳车和展馆，整体可以接受。
R0742,2025年1月12日的评论记录：门票60元还要另收摆渡车费，感觉价格不太合理。
R0743,2025年1月13日的评论记录：森林小径附近没有垃圾，洗手间也很整洁。
R0744,2025年1月14日的评论记录：洗手间有异味，垃圾桶旁边还有没清理的纸巾。
R0745,2025年1月15日的评论记录：景区里的简餐热乎，分量也刚好，休息时吃得很舒服。
R0746,2025年1月16日的评论记录：简餐又冷又咸，价格还比门口餐馆高不少。
R0747,2025年1月17日的评论记录：从地铁站出来有直达接驳车，到湖边入口很省心。
R0748,2025年1月18日的评论记录：返程接驳车间隔太久，最后只能步行很远去找公交。
R0749,2025年1月19日的评论记录：森林小径的栈道和座椅维护得不错，老人走起来也方便。
R0750,2025年1月20日的评论记录：观景台护栏松动，几个指示牌也褪色看不清。
R0751,2025年1月21日的评论记录：傍晚在森林小径看日落很开阔，照片比预想更有层次。
R0752,2025年1月22日的评论记录：当天大雾，森林小径几乎看不见远处，体验只能说一般。
R0753,2025年1月23日的评论记录：宣传图里的花海面积很大，实际只有入口一小片，落差明显。
R0754,2025年1月24日的评论记录：慢慢逛了半天，没有特别惊喜，也没有明显不舒服的地方。
R0755,2025年1月25日的评论记录：森林小径景色很好，但路边垃圾较多，工作人员清扫不及时。
R0756,2025年1月26日的评论记录：门票不贵，不过湖边入口排队太久，进园后心情已经受影响。
R0757,2025年1月27日的评论记录：真有效率，在湖边入口晒了半小时，工作人员一直让我们再等等。
R0758,2025年1月28日的评论记录：朋友说这里适合亲子游，我没有实际去过，暂时无法评价。
R0759,2025年1月29日的评论记录：简餐味道普通，套餐却比菜单标价多收了十元。
R0760,2025年1月30日的评论记录：停车场到森林小径有无障碍坡道和休息座椅，带长辈出行比较方便。
R0761,2025年1月31日的评论记录：东门的工作人员主动帮我们指路，还提醒了安全事项。
R0762,2025年2月1日的评论记录：咨询云台观景台怎么走时，工作人员一直低头玩手机，没有回应。
R0763,2025年2月2日的评论记录：周一上午入园只等了15分钟，检票安排比较顺畅。
R0764,2025年2月3日的评论记录：周一上午在东门排了50分钟，现场也没人说明原因。
R0765,2025年2月4日的评论记录：门票75元，包含接驳车和展馆，整体可以接受。
R0766,2025年2月5日的评论记录：门票75元还要另收摆渡车费，感觉价格不太合理。
R0767,2025年2月6日的评论记录：云台观景台附近没有垃圾，洗手间也很整洁。
R0768,2025年2月7日的评论记录：洗手间有异味，垃圾桶旁边还有没清理的纸巾。
R0769,2025年2月8日的评论记录：景区里的菌菇面热乎，分量也刚好，休息时吃得很舒服。
R0770,2025年2月9日的评论记录：菌菇面又冷又咸，价格还比门口餐馆高不少。
R0771,2025年2月10日的评论记录：从地铁站出来有直达接驳车，到东门很省心。
R0772,2025年2月11日的评论记录：返程接驳车间隔太久，最后只能步行很远去找公交。
R0773,2025年2月12日的评论记录：云台观景台的栈道和座椅维护得不错，老人走起来也方便。
R0774,2025年2月13日的评论记录：观景台护栏松动，几个指示牌也褪色看不清。
R0775,2025年2月14日的评论记录：傍晚在云台观景台看日落很开阔，照片比预想更有层次。
R0776,2025年2月15日的评论记录：当天大雾，云台观景台几乎看不见远处，体验只能说一般。
R0777,2025年2月16日的评论记录：宣传图里的花海面积很大，实际只有入口一小片，落差明显。
R0778,2025年2月17日的评论记录：慢慢逛了半天，没有特别惊喜，也没有明显不舒服的地方。
R0779,2025年2月18日的评论记录：云台观景台景色很好，但路边垃圾较多，工作人员清扫不及时。
R0780,2025年2月19日的评论记录：门票不贵，不过东门排队太久，进园后心情已经受影响。
R0781,2025年2月20日的评论记录：真有效率，在东门晒了半小时，工作人员一直让我们再等等。
R0782,2025年2月21日的评论记录：朋友说这里适合亲子游，我没有实际去过，暂时无法评价。
R0783,2025年2月22日的评论记录：菌菇面味道普通，套餐却比菜单标价多收了十元。
R0784,2025年2月23日的评论记录：停车场到云台观景台有无障碍坡道和休息座椅，带长辈出行比较方便。
R0785,2025年2月24日的评论记录：南门的工作人员主动帮我们指路，还提醒了安全事项。
R0786,2025年2月25日的评论记录：咨询山谷栈道怎么走时，工作人员一直低头玩手机，没有回应。
R0787,2025年2月26日的评论记录：周三下午入园只等了25分钟，检票安排比较顺畅。
R0788,2025年2月27日的评论记录：周三下午在南门排了70分钟，现场也没人说明原因。
R0789,2025年2月28日的评论记录：门票90元，包含接驳车和展馆，整体可以接受。
R0790,2025年3月1日的评论记录：门票90元还要另收摆渡车费，感觉价格不太合理。
R0791,2025年3月2日的评论记录：山谷栈道附近没有垃圾，洗手间也很整洁。
R0792,2025年3月3日的评论记录：洗手间有异味，垃圾桶旁边还有没清理的纸巾。
R0793,2025年3月4日的评论记录：景区里的竹筒饭热乎，分量也刚好，休息时吃得很舒服。
R0794,2025年3月5日的评论记录：竹筒饭又冷又咸，价格还比门口餐馆高不少。
R0795,2025年3月6日的评论记录：从地铁站出来有直达接驳车，到南门很省心。
R0796,2025年3月7日的评论记录：返程接驳车间隔太久，最后只能步行很远去找公交。
R0797,2025年3月8日的评论记录：山谷栈道的栈道和座椅维护得不错，老人走起来也方便。
R0798,2025年3月9日的评论记录：观景台护栏松动，几个指示牌也褪色看不清。
R0799,2025年3月10日的评论记录：傍晚在山谷栈道看日落很开阔，照片比预想更有层次。
R0800,2025年3月11日的评论记录：当天大雾，山谷栈道几乎看不见远处，体验只能说一般。
R0801,2025年3月12日的评论记录：宣传图里的花海面积很大，实际只有入口一小片，落差明显。
R0802,2025年3月13日的评论记录：慢慢逛了半天，没有特别惊喜，也没有明显不舒服的地方。
R0803,2025年3月14日的评论记录：山谷栈道景色很好，但路边垃圾较多，工作人员清扫不及时。
R0804,2025年3月15日的评论记录：门票不贵，不过南门排队太久，进园后心情已经受影响。
R0805,2025年3月16日的评论记录：真有效率，在南门晒了半小时，工作人员一直让我们再等等。
R0806,2025年3月17日的评论记录：朋友说这里适合亲子游，我没有实际去过，暂时无法评价。
R0807,2025年3月18日的评论记录：竹筒饭味道普通，套餐却比菜单标价多收了十元。
R0808,2025年3月19日的评论记录：停车场到山谷栈道有无障碍坡道和休息座椅，带长辈出行比较方便。
R0809,2025年3月20日的评论记录：游客中心的工作人员主动帮我们指路，还提醒了安全事项。
R0810,2025年3月21日的评论记录：咨询湖心步道怎么走时，工作人员一直低头玩手机，没有回应。
R0811,2025年3月22日的评论记录：周五傍晚入园只等了35分钟，检票安排比较顺畅。
R0812,2025年3月23日的评论记录：周五傍晚在游客中心排了90分钟，现场也没人说明原因。
R0813,2025年3月24日的评论记录：门票45元，包含接驳车和展馆，整体可以接受。
R0814,2025年3月25日的评论记录：门票45元还要另收摆渡车费，感觉价格不太合理。
R0815,2025年3月26日的评论记录：湖心步道附近没有垃圾，洗手间也很整洁。
R0816,2025年3月27日的评论记录：洗手间有异味，垃圾桶旁边还有没清理的纸巾。
R0817,2025年3月28日的评论记录：景区里的热汤面热乎，分量也刚好，休息时吃得很舒服。
R0818,2025年3月29日的评论记录：热汤面又冷又咸，价格还比门口餐馆高不少。
R0819,2025年3月30日的评论记录：从地铁站出来有直达接驳车，到游客中心很省心。
R0820,2025年3月31日的评论记录：返程接驳车间隔太久，最后只能步行很远去找公交。
R0821,2025年4月1日的评论记录：湖心步道的栈道和座椅维护得不错，老人走起来也方便。
R0822,2025年4月2日的评论记录：观景台护栏松动，几个指示牌也褪色看不清。
R0823,2025年4月3日的评论记录：傍晚在湖心步道看日落很开阔，照片比预想更有层次。
R0824,2025年4月4日的评论记录：当天大雾，湖心步道几乎看不见远处，体验只能说一般。
R0825,2025年4月5日的评论记录：宣传图里的花海面积很大，实际只有入口一小片，落差明显。
R0826,2025年4月6日的评论记录：慢慢逛了半天，没有特别惊喜，也没有明显不舒服的地方。
R0827,2025年4月7日的评论记录：湖心步道景色很好，但路边垃圾较多，工作人员清扫不及时。
R0828,2025年4月8日的评论记录：门票不贵，不过游客中心排队太久，进园后心情已经受影响。
R0829,2025年4月9日的评论记录：真有效率，在游客中心晒了半小时，工作人员一直让我们再等等。
R0830,2025年4月10日的评论记录：朋友说这里适合亲子游，我没有实际去过，暂时无法评价。
R0831,2025年4月11日的评论记录：热汤面味道普通，套餐却比菜单标价多收了十元。
R0832,2025年4月12日的评论记录：停车场到湖心步道有无障碍坡道和休息座椅，带长辈出行比较方便。
R0833,2025年4月13日的评论记录：索道口的工作人员主动帮我们指路，还提醒了安全事项。
R0834,2025年4月14日的评论记录：咨询古城墙怎么走时，工作人员一直低头玩手机，没有回应。
R0835,2025年4月15日的评论记录：周六上午入园只等了45分钟，检票安排比较顺畅。
R0836,2025年4月16日的评论记录：周六上午在索道口排了110分钟，现场也没人说明原因。
R0837,2025年4月17日的评论记录：门票60元，包含接驳车和展馆，整体可以接受。
R0838,2025年4月18日的评论记录：门票60元还要另收摆渡车费，感觉价格不太合理。
R0839,2025年4月19日的评论记录：古城墙附近没有垃圾，洗手间也很整洁。
R0840,2025年4月20日的评论记录：洗手间有异味，垃圾桶旁边还有没清理的纸巾。
R0841,2025年4月21日的评论记录：景区里的本地小吃热乎，分量也刚好，休息时吃得很舒服。
R0842,2025年4月22日的评论记录：本地小吃又冷又咸，价格还比门口餐馆高不少。
R0843,2025年4月23日的评论记录：从地铁站出来有直达接驳车，到索道口很省心。
R0844,2025年4月24日的评论记录：返程接驳车间隔太久，最后只能步行很远去找公交。
R0845,2025年4月25日的评论记录：古城墙的栈道和座椅维护得不错，老人走起来也方便。
R0846,2025年4月26日的评论记录：观景台护栏松动，几个指示牌也褪色看不清。
R0847,2025年4月27日的评论记录：傍晚在古城墙看日落很开阔，照片比预想更有层次。
R0848,2025年4月28日的评论记录：当天大雾，古城墙几乎看不见远处，体验只能说一般。
R0849,2025年4月29日的评论记录：宣传图里的花海面积很大，实际只有入口一小片，落差明显。
R0850,2025年4月30日的评论记录：慢慢逛了半天，没有特别惊喜，也没有明显不舒服的地方。
R0851,2025年5月1日的评论记录：古城墙景色很好，但路边垃圾较多，工作人员清扫不及时。
R0852,2025年5月2日的评论记录：门票不贵，不过索道口排队太久，进园后心情已经受影响。
R0853,2025年5月3日的评论记录：真有效率，在索道口晒了半小时，工作人员一直让我们再等等。
R0854,2025年5月4日的评论记录：朋友说这里适合亲子游，我没有实际去过，暂时无法评价。
R0855,2025年5月5日的评论记录：本地小吃味道普通，套餐却比菜单标价多收了十元。
R0856,2025年5月6日的评论记录：停车场到古城墙有无障碍坡道和休息座椅，带长辈出行比较方便。
R0857,2025年5月7日的评论记录：湖边入口的工作人员主动帮我们指路，还提醒了安全事项。
R0858,2025年5月8日的评论记录：咨询森林小径怎么走时，工作人员一直低头玩手机，没有回应。
R0859,2025年5月9日的评论记录：节假日早上入园只等了55分钟，检票安排比较顺畅。
R0860,2025年5月10日的评论记录：节假日早上在湖边入口排了130分钟，现场也没人说明原因。
R0861,2025年5月11日的评论记录：门票75元，包含接驳车和展馆，整体可以接受。
R0862,2025年5月12日的评论记录：门票75元还要另收摆渡车费，感觉价格不太合理。
R0863,2025年5月13日的评论记录：森林小径附近没有垃圾，洗手间也很整洁。
R0864,2025年5月14日的评论记录：洗手间有异味，垃圾桶旁边还有没清理的纸巾。
R0865,2025年5月15日的评论记录：景区里的简餐热乎，分量也刚好，休息时吃得很舒服。
R0866,2025年5月16日的评论记录：简餐又冷又咸，价格还比门口餐馆高不少。
R0867,2025年5月17日的评论记录：从地铁站出来有直达接驳车，到湖边入口很省心。
R0868,2025年5月18日的评论记录：返程接驳车间隔太久，最后只能步行很远去找公交。
R0869,2025年5月19日的评论记录：森林小径的栈道和座椅维护得不错，老人走起来也方便。
R0870,2025年5月20日的评论记录：观景台护栏松动，几个指示牌也褪色看不清。
R0871,2025年5月21日的评论记录：傍晚在森林小径看日落很开阔，照片比预想更有层次。
R0872,2025年5月22日的评论记录：当天大雾，森林小径几乎看不见远处，体验只能说一般。
R0873,2025年5月23日的评论记录：宣传图里的花海面积很大，实际只有入口一小片，落差明显。
R0874,2025年5月24日的评论记录：慢慢逛了半天，没有特别惊喜，也没有明显不舒服的地方。
R0875,2025年5月25日的评论记录：森林小径景色很好，但路边垃圾较多，工作人员清扫不及时。
R0876,2025年5月26日的评论记录：门票不贵，不过湖边入口排队太久，进园后心情已经受影响。
R0877,2025年5月27日的评论记录：真有效率，在湖边入口晒了半小时，工作人员一直让我们再等等。
R0878,2025年5月28日的评论记录：朋友说这里适合亲子游，我没有实际去过，暂时无法评价。
R0879,2025年5月29日的评论记录：简餐味道普通，套餐却比菜单标价多收了十元。
R0880,2025年5月30日的评论记录：停车场到森林小径有无障碍坡道和休息座椅，带长辈出行比较方便。
R0881,2025年5月31日的评论记录：东门的工作人员主动帮我们指路，还提醒了安全事项。
R0882,2025年6月1日的评论记录：咨询云台观景台怎么走时，工作人员一直低头玩手机，没有回应。
R0883,2025年6月2日的评论记录：周一上午入园只等了65分钟，检票安排比较顺畅。
R0884,2025年6月3日的评论记录：周一上午在东门排了50分钟，现场也没人说明原因。
R0885,2025年6月4日的评论记录：门票90元，包含接驳车和展馆，整体可以接受。
R0886,2025年6月5日的评论记录：门票90元还要另收摆渡车费，感觉价格不太合理。
R0887,2025年6月6日的评论记录：云台观景台附近没有垃圾，洗手间也很整洁。
R0888,2025年6月7日的评论记录：洗手间有异味，垃圾桶旁边还有没清理的纸巾。
R0889,2025年6月8日的评论记录：景区里的菌菇面热乎，分量也刚好，休息时吃得很舒服。
R0890,2025年6月9日的评论记录：菌菇面又冷又咸，价格还比门口餐馆高不少。
R0891,2025年6月10日的评论记录：从地铁站出来有直达接驳车，到东门很省心。
R0892,2025年6月11日的评论记录：返程接驳车间隔太久，最后只能步行很远去找公交。
R0893,2025年6月12日的评论记录：云台观景台的栈道和座椅维护得不错，老人走起来也方便。
R0894,2025年6月13日的评论记录：观景台护栏松动，几个指示牌也褪色看不清。
R0895,2025年6月14日的评论记录：傍晚在云台观景台看日落很开阔，照片比预想更有层次。
R0896,2025年6月15日的评论记录：当天大雾，云台观景台几乎看不见远处，体验只能说一般。
R0897,2025年6月16日的评论记录：宣传图里的花海面积很大，实际只有入口一小片，落差明显。
R0898,2025年6月17日的评论记录：慢慢逛了半天，没有特别惊喜，也没有明显不舒服的地方。
R0899,2025年6月18日的评论记录：云台观景台景色很好，但路边垃圾较多，工作人员清扫不及时。
R0900,2025年6月19日的评论记录：门票不贵，不过东门排队太久，进园后心情已经受影响。
R0901,2025年6月20日的评论记录：真有效率，在东门晒了半小时，工作人员一直让我们再等等。
R0902,2025年6月21日的评论记录：朋友说这里适合亲子游，我没有实际去过，暂时无法评价。
R0903,2025年6月22日的评论记录：菌菇面味道普通，套餐却比菜单标价多收了十元。
R0904,2025年6月23日的评论记录：停车场到云台观景台有无障碍坡道和休息座椅，带长辈出行比较方便。
R0905,2025年6月24日的评论记录：南门的工作人员主动帮我们指路，还提醒了安全事项。
R0906,2025年6月25日的评论记录：咨询山谷栈道怎么走时，工作人员一直低头玩手机，没有回应。
R0907,2025年6月26日的评论记录：周三下午入园只等了15分钟，检票安排比较顺畅。
R0908,2025年6月27日的评论记录：周三下午在南门排了70分钟，现场也没人说明原因。
R0909,2025年6月28日的评论记录：门票45元，包含接驳车和展馆，整体可以接受。
R0910,2025年6月29日的评论记录：门票45元还要另收摆渡车费，感觉价格不太合理。
R0911,2025年6月30日的评论记录：山谷栈道附近没有垃圾，洗手间也很整洁。
R0912,2025年7月1日的评论记录：洗手间有异味，垃圾桶旁边还有没清理的纸巾。
R0913,2025年7月2日的评论记录：景区里的竹筒饭热乎，分量也刚好，休息时吃得很舒服。
R0914,2025年7月3日的评论记录：竹筒饭又冷又咸，价格还比门口餐馆高不少。
R0915,2025年7月4日的评论记录：从地铁站出来有直达接驳车，到南门很省心。
R0916,2025年7月5日的评论记录：返程接驳车间隔太久，最后只能步行很远去找公交。
R0917,2025年7月6日的评论记录：山谷栈道的栈道和座椅维护得不错，老人走起来也方便。
R0918,2025年7月7日的评论记录：观景台护栏松动，几个指示牌也褪色看不清。
R0919,2025年7月8日的评论记录：傍晚在山谷栈道看日落很开阔，照片比预想更有层次。
R0920,2025年7月9日的评论记录：当天大雾，山谷栈道几乎看不见远处，体验只能说一般。
R0921,2025年7月10日的评论记录：宣传图里的花海面积很大，实际只有入口一小片，落差明显。
R0922,2025年7月11日的评论记录：慢慢逛了半天，没有特别惊喜，也没有明显不舒服的地方。
R0923,2025年7月12日的评论记录：山谷栈道景色很好，但路边垃圾较多，工作人员清扫不及时。
R0924,2025年7月13日的评论记录：门票不贵，不过南门排队太久，进园后心情已经受影响。
R0925,2025年7月14日的评论记录：真有效率，在南门晒了半小时，工作人员一直让我们再等等。
R0926,2025年7月15日的评论记录：朋友说这里适合亲子游，我没有实际去过，暂时无法评价。
R0927,2025年7月16日的评论记录：竹筒饭味道普通，套餐却比菜单标价多收了十元。
R0928,2025年7月17日的评论记录：停车场到山谷栈道有无障碍坡道和休息座椅，带长辈出行比较方便。
R0929,2025年7月18日的评论记录：游客中心的工作人员主动帮我们指路，还提醒了安全事项。
R0930,2025年7月19日的评论记录：咨询湖心步道怎么走时，工作人员一直低头玩手机，没有回应。
R0931,2025年7月20日的评论记录：周五傍晚入园只等了25分钟，检票安排比较顺畅。
R0932,2025年7月21日的评论记录：周五傍晚在游客中心排了90分钟，现场也没人说明原因。
R0933,2025年7月22日的评论记录：门票60元，包含接驳车和展馆，整体可以接受。
R0934,2025年7月23日的评论记录：门票60元还要另收摆渡车费，感觉价格不太合理。
R0935,2025年7月24日的评论记录：湖心步道附近没有垃圾，洗手间也很整洁。
R0936,2025年7月25日的评论记录：洗手间有异味，垃圾桶旁边还有没清理的纸巾。
R0937,2025年7月26日的评论记录：景区里的热汤面热乎，分量也刚好，休息时吃得很舒服。
R0938,2025年7月27日的评论记录：热汤面又冷又咸，价格还比门口餐馆高不少。
R0939,2025年7月28日的评论记录：从地铁站出来有直达接驳车，到游客中心很省心。
R0940,2025年7月29日的评论记录：返程接驳车间隔太久，最后只能步行很远去找公交。
R0941,2025年7月30日的评论记录：湖心步道的栈道和座椅维护得不错，老人走起来也方便。
R0942,2025年7月31日的评论记录：观景台护栏松动，几个指示牌也褪色看不清。
R0943,2025年8月1日的评论记录：傍晚在湖心步道看日落很开阔，照片比预想更有层次。
R0944,2025年8月2日的评论记录：当天大雾，湖心步道几乎看不见远处，体验只能说一般。
R0945,2025年8月3日的评论记录：宣传图里的花海面积很大，实际只有入口一小片，落差明显。
R0946,2025年8月4日的评论记录：慢慢逛了半天，没有特别惊喜，也没有明显不舒服的地方。
R0947,2025年8月5日的评论记录：湖心步道景色很好，但路边垃圾较多，工作人员清扫不及时。
R0948,2025年8月6日的评论记录：门票不贵，不过游客中心排队太久，进园后心情已经受影响。
R0949,2025年8月7日的评论记录：真有效率，在游客中心晒了半小时，工作人员一直让我们再等等。
R0950,2025年8月8日的评论记录：朋友说这里适合亲子游，我没有实际去过，暂时无法评价。
R0951,2025年8月9日的评论记录：热汤面味道普通，套餐却比菜单标价多收了十元。
R0952,2025年8月10日的评论记录：停车场到湖心步道有无障碍坡道和休息座椅，带长辈出行比较方便。
R0953,2025年8月11日的评论记录：索道口的工作人员主动帮我们指路，还提醒了安全事项。
R0954,2025年8月12日的评论记录：咨询古城墙怎么走时，工作人员一直低头玩手机，没有回应。
R0955,2025年8月13日的评论记录：周六上午入园只等了35分钟，检票安排比较顺畅。
R0956,2025年8月14日的评论记录：周六上午在索道口排了110分钟，现场也没人说明原因。
R0957,2025年8月15日的评论记录：门票75元，包含接驳车和展馆，整体可以接受。
R0958,2025年8月16日的评论记录：门票75元还要另收摆渡车费，感觉价格不太合理。
R0959,2025年8月17日的评论记录：古城墙附近没有垃圾，洗手间也很整洁。
R0960,2025年8月18日的评论记录：洗手间有异味，垃圾桶旁边还有没清理的纸巾。
R0961,2025年8月19日的评论记录：景区里的本地小吃热乎，分量也刚好，休息时吃得很舒服。
R0962,2025年8月20日的评论记录：本地小吃又冷又咸，价格还比门口餐馆高不少。
R0963,2025年8月21日的评论记录：从地铁站出来有直达接驳车，到索道口很省心。
R0964,2025年8月22日的评论记录：返程接驳车间隔太久，最后只能步行很远去找公交。
R0965,2025年8月23日的评论记录：古城墙的栈道和座椅维护得不错，老人走起来也方便。
R0966,2025年8月24日的评论记录：观景台护栏松动，几个指示牌也褪色看不清。
R0967,2025年8月25日的评论记录：傍晚在古城墙看日落很开阔，照片比预想更有层次。
R0968,2025年8月26日的评论记录：当天大雾，古城墙几乎看不见远处，体验只能说一般。
R0969,2025年8月27日的评论记录：宣传图里的花海面积很大，实际只有入口一小片，落差明显。
R0970,2025年8月28日的评论记录：慢慢逛了半天，没有特别惊喜，也没有明显不舒服的地方。
R0971,2025年8月29日的评论记录：古城墙景色很好，但路边垃圾较多，工作人员清扫不及时。
R0972,2025年8月30日的评论记录：门票不贵，不过索道口排队太久，进园后心情已经受影响。
R0973,2025年8月31日的评论记录：真有效率，在索道口晒了半小时，工作人员一直让我们再等等。
R0974,2025年9月1日的评论记录：朋友说这里适合亲子游，我没有实际去过，暂时无法评价。
R0975,2025年9月2日的评论记录：本地小吃味道普通，套餐却比菜单标价多收了十元。
R0976,2025年9月3日的评论记录：停车场到古城墙有无障碍坡道和休息座椅，带长辈出行比较方便。
R0977,2025年9月4日的评论记录：湖边入口的工作人员主动帮我们指路，还提醒了安全事项。
R0978,2025年9月5日的评论记录：咨询森林小径怎么走时，工作人员一直低头玩手机，没有回应。
R0979,2025年9月6日的评论记录：节假日早上入园只等了45分钟，检票安排比较顺畅。
R0980,2025年9月7日的评论记录：节假日早上在湖边入口排了130分钟，现场也没人说明原因。
R0981,2025年9月8日的评论记录：门票90元，包含接驳车和展馆，整体可以接受。
R0982,2025年9月9日的评论记录：门票90元还要另收摆渡车费，感觉价格不太合理。
R0983,2025年9月10日的评论记录：森林小径附近没有垃圾，洗手间也很整洁。
R0984,2025年9月11日的评论记录：洗手间有异味，垃圾桶旁边还有没清理的纸巾。
R0985,2025年9月12日的评论记录：景区里的简餐热乎，分量也刚好，休息时吃得很舒服。
R0986,2025年9月13日的评论记录：简餐又冷又咸，价格还比门口餐馆高不少。
R0987,2025年9月14日的评论记录：从地铁站出来有直达接驳车，到湖边入口很省心。
R0988,2025年9月15日的评论记录：返程接驳车间隔太久，最后只能步行很远去找公交。
R0989,2025年9月16日的评论记录：森林小径的栈道和座椅维护得不错，老人走起来也方便。
R0990,2025年9月17日的评论记录：观景台护栏松动，几个指示牌也褪色看不清。
R0991,2025年9月18日的评论记录：傍晚在森林小径看日落很开阔，照片比预想更有层次。
R0992,2025年9月19日的评论记录：当天大雾，森林小径几乎看不见远处，体验只能说一般。
R0993,2025年9月20日的评论记录：宣传图里的花海面积很大，实际只有入口一小片，落差明显。
R0994,2025年9月21日的评论记录：慢慢逛了半天，没有特别惊喜，也没有明显不舒服的地方。
R0995,2025年9月22日的评论记录：森林小径景色很好，但路边垃圾较多，工作人员清扫不及时。
R0996,2025年9月23日的评论记录：门票不贵，不过湖边入口排队太久，进园后心情已经受影响。
R0997,2025年9月24日的评论记录：真有效率，在湖边入口晒了半小时，工作人员一直让我们再等等。
R0998,2025年9月25日的评论记录：朋友说这里适合亲子游，我没有实际去过，暂时无法评价。
R0999,2025年9月26日的评论记录：简餐味道普通，套餐却比菜单标价多收了十元。
R1000,2025年9月27日的评论记录：停车场到森林小径有无障碍坡道和休息座椅，带长辈出行比较方便。
